run,transport,selector,operation,milliseconds,arguments_characters,response_characters,error
cdb-aligned-websocket-before-run2,websocket,ref,browser.fill,100.850,55,56,false
cdb-aligned-websocket-before-run2,websocket,ref,browser.click,96.317,30,57,false
cdb-aligned-websocket-before-run2,websocket,ref,browser.snapshot,652.538,18,456,false
cdb-aligned-websocket-before-run2,websocket,ref,browser.batch,799.477,131,605,false
cdb-aligned-websocket-before-run2,websocket,ref,browser.fill,117.591,55,56,false
cdb-aligned-websocket-before-run2,websocket,ref,browser.click,132.298,30,57,false
cdb-aligned-websocket-before-run2,websocket,ref,browser.snapshot,619.824,18,456,false
cdb-aligned-websocket-before-run2,websocket,ref,browser.batch,993.632,131,605,false
cdb-aligned-websocket-before-run2,websocket,ref,browser.fill,103.954,55,56,false
cdb-aligned-websocket-before-run2,websocket,ref,browser.click,97.728,30,57,false
cdb-aligned-websocket-before-run2,websocket,ref,browser.snapshot,605.533,18,456,false
cdb-aligned-websocket-before-run2,websocket,ref,browser.batch,742.676,131,605,false
cdb-aligned-websocket-before-run2,websocket,ref,browser.fill,95.391,55,56,false
cdb-aligned-websocket-before-run2,websocket,ref,browser.click,88.826,30,57,false
cdb-aligned-websocket-before-run2,websocket,ref,browser.snapshot,570.927,18,456,false
cdb-aligned-websocket-before-run2,websocket,ref,browser.batch,767.012,131,605,false
cdb-aligned-websocket-before-run2,websocket,ref,browser.fill,102.022,55,56,false
cdb-aligned-websocket-before-run2,websocket,ref,browser.click,87.729,30,57,false
cdb-aligned-websocket-before-run2,websocket,ref,browser.snapshot,605.491,18,457,false
cdb-aligned-websocket-before-run2,websocket,ref,browser.batch,824.714,132,610,false
cdb-aligned-websocket-before-run2,websocket,ref,browser.fill,190.978,56,56,false
cdb-aligned-websocket-before-run2,websocket,ref,browser.click,95.694,31,57,false
cdb-aligned-websocket-before-run2,websocket,ref,browser.snapshot,744.312,18,461,false
cdb-aligned-websocket-before-run2,websocket,ref,browser.batch,834.009,133,610,false
cdb-aligned-websocket-before-run2,websocket,ref,browser.fill,112.083,56,56,false
cdb-aligned-websocket-before-run2,websocket,ref,browser.click,92.218,31,57,false
cdb-aligned-websocket-before-run2,websocket,ref,browser.snapshot,621.944,18,461,false
cdb-aligned-websocket-before-run2,websocket,ref,browser.batch,1073.002,133,610,false
cdb-aligned-websocket-before-run2,websocket,ref,browser.fill,122.802,56,56,false
cdb-aligned-websocket-before-run2,websocket,ref,browser.click,186.925,31,57,false
cdb-aligned-websocket-before-run2,websocket,ref,browser.snapshot,727.573,18,461,false
cdb-aligned-websocket-before-run2,websocket,ref,browser.batch,862.100,133,610,false
cdb-aligned-websocket-before-run2,websocket,ref,browser.fill,108.047,56,56,false
cdb-aligned-websocket-before-run2,websocket,ref,browser.click,99.181,31,57,false
cdb-aligned-websocket-before-run2,websocket,ref,browser.snapshot,746.659,18,461,false
cdb-aligned-websocket-before-run2,websocket,ref,browser.batch,953.051,133,610,false
cdb-aligned-websocket-before-run2,websocket,ref,browser.fill,155.394,56,56,false
cdb-aligned-websocket-before-run2,websocket,ref,browser.click,108.964,31,57,false
cdb-aligned-websocket-before-run2,websocket,ref,browser.snapshot,647.160,18,461,false
cdb-aligned-websocket-before-run2,websocket,ref,browser.batch,908.220,133,610,false
cdb-aligned-websocket-before-run2,websocket,ref,browser.fill,105.692,56,56,false
cdb-aligned-websocket-before-run2,websocket,ref,browser.click,101.530,31,57,false
cdb-aligned-websocket-before-run2,websocket,ref,browser.snapshot,624.866,18,461,false
cdb-aligned-websocket-before-run2,websocket,ref,browser.batch,796.727,133,610,false
cdb-aligned-websocket-before-run2,websocket,ref,browser.fill,102.733,56,56,false
cdb-aligned-websocket-before-run2,websocket,ref,browser.click,104.418,31,57,false
cdb-aligned-websocket-before-run2,websocket,ref,browser.snapshot,654.086,18,461,false
cdb-aligned-websocket-before-run2,websocket,ref,browser.batch,838.757,133,610,false
cdb-aligned-websocket-before-run2,websocket,ref,browser.fill,154.159,56,56,false
cdb-aligned-websocket-before-run2,websocket,ref,browser.click,98.820,31,57,false
cdb-aligned-websocket-before-run2,websocket,ref,browser.snapshot,598.025,18,461,false
cdb-aligned-websocket-before-run2,websocket,ref,browser.batch,817.824,133,610,false
cdb-aligned-websocket-before-run2,websocket,ref,browser.fill,159.905,56,56,false
cdb-aligned-websocket-before-run2,websocket,ref,browser.click,113.951,31,57,false
cdb-aligned-websocket-before-run2,websocket,ref,browser.snapshot,731.802,18,461,false
cdb-aligned-websocket-before-run2,websocket,ref,browser.batch,1255.345,133,610,false
cdb-aligned-websocket-before-run2,websocket,ref,browser.fill,101.783,56,56,false
cdb-aligned-websocket-before-run2,websocket,ref,browser.click,93.759,31,57,false
cdb-aligned-websocket-before-run2,websocket,ref,browser.snapshot,640.061,18,461,false
cdb-aligned-websocket-before-run2,websocket,ref,browser.batch,807.659,133,610,false
cdb-aligned-websocket-before-run2,websocket,ref,browser.fill,112.377,56,56,false
cdb-aligned-websocket-before-run2,websocket,ref,browser.click,89.560,31,57,false
cdb-aligned-websocket-before-run2,websocket,ref,browser.snapshot,599.714,18,461,false
cdb-aligned-websocket-before-run2,websocket,ref,browser.batch,1085.676,133,610,false
cdb-aligned-websocket-before-run2,websocket,ref,browser.fill,115.044,56,56,false
cdb-aligned-websocket-before-run2,websocket,ref,browser.click,110.727,31,57,false
cdb-aligned-websocket-before-run2,websocket,ref,browser.snapshot,601.245,18,461,false
cdb-aligned-websocket-before-run2,websocket,ref,browser.batch,747.312,133,610,false
cdb-aligned-websocket-before-run2,websocket,ref,browser.fill,98.809,56,56,false
cdb-aligned-websocket-before-run2,websocket,ref,browser.click,91.286,31,57,false
cdb-aligned-websocket-before-run2,websocket,ref,browser.snapshot,636.386,18,461,false
cdb-aligned-websocket-before-run2,websocket,ref,browser.batch,780.098,133,610,false
cdb-aligned-websocket-before-run2,websocket,ref,browser.fill,107.297,56,56,false
cdb-aligned-websocket-before-run2,websocket,ref,browser.click,98.998,31,57,false
cdb-aligned-websocket-before-run2,websocket,ref,browser.snapshot,752.409,18,461,false
cdb-aligned-websocket-before-run2,websocket,ref,browser.batch,1009.203,133,610,false
cdb-aligned-websocket-before-run2,websocket,ref,browser.fill,110.325,56,56,false
cdb-aligned-websocket-before-run2,websocket,ref,browser.click,94.237,31,57,false
cdb-aligned-websocket-before-run2,websocket,ref,browser.snapshot,650.834,18,461,false
cdb-aligned-websocket-before-run2,websocket,ref,browser.batch,809.465,133,610,false
cdb-aligned-websocket-before-run2,websocket,ref,browser.fill,101.151,56,56,false
cdb-aligned-websocket-before-run2,websocket,ref,browser.click,91.906,31,57,false
cdb-aligned-websocket-before-run2,websocket,ref,browser.snapshot,600.580,18,461,false
cdb-aligned-websocket-before-run2,websocket,ref,browser.batch,899.548,133,610,false
cdb-aligned-websocket-before-run2,websocket,ref,browser.fill,110.537,56,56,false
cdb-aligned-websocket-before-run2,websocket,ref,browser.click,94.465,31,57,false
cdb-aligned-websocket-before-run2,websocket,ref,browser.snapshot,630.301,18,461,false
cdb-aligned-websocket-before-run2,websocket,ref,browser.batch,1096.836,133,610,false
cdb-aligned-websocket-before-run2,websocket,ref,browser.fill,100.919,56,56,false
cdb-aligned-websocket-before-run2,websocket,ref,browser.click,105.728,31,57,false
cdb-aligned-websocket-before-run2,websocket,ref,browser.snapshot,621.696,18,461,false
cdb-aligned-websocket-before-run2,websocket,ref,browser.batch,791.732,133,610,false
cdb-aligned-websocket-before-run2,websocket,ref,browser.fill,115.694,56,56,false
cdb-aligned-websocket-before-run2,websocket,ref,browser.click,95.919,31,57,false
cdb-aligned-websocket-before-run2,websocket,ref,browser.snapshot,680.596,18,461,false
cdb-aligned-websocket-before-run2,websocket,ref,browser.batch,829.249,133,610,false
cdb-aligned-websocket-before-run2,websocket,ref,browser.fill,115.115,56,56,false
cdb-aligned-websocket-before-run2,websocket,ref,browser.click,90.904,31,57,false
cdb-aligned-websocket-before-run2,websocket,ref,browser.snapshot,648.420,18,461,false
cdb-aligned-websocket-before-run2,websocket,ref,browser.batch,1838.261,133,610,false
cdb-aligned-websocket-before-run2,websocket,ref,browser.fill,203.936,56,56,false
cdb-aligned-websocket-before-run2,websocket,ref,browser.click,163.304,31,57,false
cdb-aligned-websocket-before-run2,websocket,ref,browser.snapshot,921.656,18,461,false
cdb-aligned-websocket-before-run2,websocket,ref,browser.batch,914.516,133,610,false
cdb-aligned-websocket-before-run2,websocket,ref,browser.fill,105.251,56,56,false
cdb-aligned-websocket-before-run2,websocket,ref,browser.click,105.509,31,57,false
cdb-aligned-websocket-before-run2,websocket,ref,browser.snapshot,679.719,18,461,false
cdb-aligned-websocket-before-run2,websocket,ref,browser.batch,795.705,133,610,false
cdb-aligned-websocket-before-run2,websocket,ref,browser.fill,100.493,56,56,false
cdb-aligned-websocket-before-run2,websocket,ref,browser.click,94.186,31,57,false
cdb-aligned-websocket-before-run2,websocket,ref,browser.snapshot,653.524,18,461,false
cdb-aligned-websocket-before-run2,websocket,ref,browser.batch,804.935,133,610,false
cdb-aligned-websocket-before-run2,websocket,ref,browser.fill,106.244,56,56,false
cdb-aligned-websocket-before-run2,websocket,ref,browser.click,109.664,31,57,false
cdb-aligned-websocket-before-run2,websocket,ref,browser.snapshot,663.295,18,461,false
cdb-aligned-websocket-before-run2,websocket,ref,browser.batch,849.003,133,610,false
cdb-aligned-websocket-before-run2,websocket,ref,browser.fill,97.857,56,56,false
cdb-aligned-websocket-before-run2,websocket,ref,browser.click,95.893,31,57,false
cdb-aligned-websocket-before-run2,websocket,ref,browser.snapshot,620.881,18,461,false
cdb-aligned-websocket-before-run2,websocket,ref,browser.batch,876.588,133,610,false
cdb-aligned-websocket-before-run2,websocket,ref,browser.click:blocked,2001.939,31,172,true
cdb-aligned-websocket-before-run2,websocket,ref,browser.click:blocked,2000.123,31,172,true
cdb-aligned-websocket-before-run2,websocket,ref,browser.click:blocked,2000.814,31,172,true
cdb-aligned-websocket-before-run2,websocket,ref,browser.click:blocked,2002.306,31,172,true
cdb-aligned-websocket-before-run2,websocket,ref,browser.click:blocked,2001.079,31,172,true
cdb-aligned-websocket-before-run2,websocket,ref,browser.click:blocked,1999.650,31,172,true
cdb-aligned-websocket-before-run2,websocket,ref,browser.click:blocked,2002.160,31,172,true
cdb-aligned-websocket-before-run2,websocket,ref,browser.click:blocked,2002.765,31,172,true
cdb-aligned-websocket-before-run2,websocket,ref,browser.click:blocked,2002.350,31,172,true
cdb-aligned-websocket-before-run2,websocket,ref,browser.click:blocked,2001.590,31,172,true
cdb-aligned-websocket-before-run2,websocket,ref,browser.click:blocked,2002.408,31,172,true
cdb-aligned-websocket-before-run2,websocket,ref,browser.click:blocked,2001.390,31,172,true
cdb-aligned-websocket-before-run2,websocket,ref,browser.click:blocked,2001.619,31,172,true
cdb-aligned-websocket-before-run2,websocket,ref,browser.click:blocked,2006.222,31,172,true
cdb-aligned-websocket-before-run2,websocket,ref,browser.click:blocked,2000.315,31,172,true
cdb-aligned-websocket-before-run2,websocket,ref,browser.click:blocked,2001.311,31,172,true
cdb-aligned-websocket-before-run2,websocket,ref,browser.click:blocked,2000.537,31,172,true
cdb-aligned-websocket-before-run2,websocket,ref,browser.click:blocked,2003.014,31,172,true
cdb-aligned-websocket-before-run2,websocket,ref,browser.click:blocked,2002.922,31,172,true
cdb-aligned-websocket-before-run2,websocket,ref,browser.click:blocked,2002.310,31,172,true
cdb-aligned-websocket-before-run2,websocket,ref,browser.click:blocked,2002.079,31,172,true
cdb-aligned-websocket-before-run2,websocket,ref,browser.click:blocked,2002.015,31,172,true
cdb-aligned-websocket-before-run2,websocket,ref,browser.click:blocked,2000.808,31,172,true
cdb-aligned-websocket-before-run2,websocket,ref,browser.click:blocked,2003.238,31,172,true
cdb-aligned-websocket-before-run2,websocket,ref,browser.click:blocked,2001.955,31,172,true
cdb-aligned-websocket-before-run2,websocket,ref,browser.click:blocked,2001.658,31,172,true
cdb-aligned-websocket-before-run2,websocket,ref,browser.click:blocked,2000.696,31,172,true
cdb-aligned-websocket-before-run2,websocket,ref,browser.click:blocked,2001.753,31,172,true
cdb-aligned-websocket-before-run2,websocket,ref,browser.click:blocked,2002.687,31,172,true
cdb-aligned-websocket-before-run2,websocket,ref,browser.click:blocked,2003.001,31,172,true
cdb-aligned-websocket-before-run2,websocket,locator,browser.fill,644.083,118,56,false
cdb-aligned-websocket-before-run2,websocket,locator,browser.click,286.249,97,57,false
cdb-aligned-websocket-before-run2,websocket,locator,browser.snapshot,700.771,18,461,false
cdb-aligned-websocket-before-run2,websocket,locator,browser.batch,988.665,261,610,false
cdb-aligned-websocket-before-run2,websocket,locator,browser.fill,208.793,118,56,false
cdb-aligned-websocket-before-run2,websocket,locator,browser.click,227.215,97,57,false
cdb-aligned-websocket-before-run2,websocket,locator,browser.snapshot,607.240,18,461,false
cdb-aligned-websocket-before-run2,websocket,locator,browser.batch,1275.969,261,610,false
cdb-aligned-websocket-before-run2,websocket,locator,browser.fill,215.072,118,56,false
cdb-aligned-websocket-before-run2,websocket,locator,browser.click,188.187,97,57,false
cdb-aligned-websocket-before-run2,websocket,locator,browser.snapshot,854.498,18,461,false
cdb-aligned-websocket-before-run2,websocket,locator,browser.batch,908.889,261,610,false
cdb-aligned-websocket-before-run2,websocket,locator,browser.fill,203.706,118,56,false
cdb-aligned-websocket-before-run2,websocket,locator,browser.click,188.000,97,57,false
cdb-aligned-websocket-before-run2,websocket,locator,browser.snapshot,748.006,18,461,false
cdb-aligned-websocket-before-run2,websocket,locator,browser.batch,1025.232,261,610,false
cdb-aligned-websocket-before-run2,websocket,locator,browser.fill,205.680,118,56,false
cdb-aligned-websocket-before-run2,websocket,locator,browser.click,198.003,97,57,false
cdb-aligned-websocket-before-run2,websocket,locator,browser.snapshot,646.509,18,461,false
cdb-aligned-websocket-before-run2,websocket,locator,browser.batch,1078.249,261,610,false
cdb-aligned-websocket-before-run2,websocket,locator,browser.fill,212.226,118,56,false
cdb-aligned-websocket-before-run2,websocket,locator,browser.click,179.524,97,57,false
cdb-aligned-websocket-before-run2,websocket,locator,browser.snapshot,592.072,18,461,false
cdb-aligned-websocket-before-run2,websocket,locator,browser.batch,860.039,261,610,false
cdb-aligned-websocket-before-run2,websocket,locator,browser.fill,195.687,118,56,false
cdb-aligned-websocket-before-run2,websocket,locator,browser.click,174.439,97,57,false
cdb-aligned-websocket-before-run2,websocket,locator,browser.snapshot,608.519,18,461,false
cdb-aligned-websocket-before-run2,websocket,locator,browser.batch,860.894,261,610,false
cdb-aligned-websocket-before-run2,websocket,locator,browser.fill,189.663,118,56,false
cdb-aligned-websocket-before-run2,websocket,locator,browser.click,175.308,97,57,false
cdb-aligned-websocket-before-run2,websocket,locator,browser.snapshot,584.770,18,461,false
cdb-aligned-websocket-before-run2,websocket,locator,browser.batch,863.129,261,610,false
cdb-aligned-websocket-before-run2,websocket,locator,browser.fill,195.050,118,56,false
cdb-aligned-websocket-before-run2,websocket,locator,browser.click,181.961,97,57,false
cdb-aligned-websocket-before-run2,websocket,locator,browser.snapshot,576.311,18,461,false
cdb-aligned-websocket-before-run2,websocket,locator,browser.batch,919.936,261,610,false
cdb-aligned-websocket-before-run2,websocket,locator,browser.fill,203.526,118,56,false
cdb-aligned-websocket-before-run2,websocket,locator,browser.click,187.130,97,57,false
cdb-aligned-websocket-before-run2,websocket,locator,browser.snapshot,597.039,18,461,false
cdb-aligned-websocket-before-run2,websocket,locator,browser.batch,858.232,261,610,false
cdb-aligned-websocket-before-run2,websocket,locator,browser.fill,190.644,118,56,false
cdb-aligned-websocket-before-run2,websocket,locator,browser.click,173.140,97,57,false
cdb-aligned-websocket-before-run2,websocket,locator,browser.snapshot,620.674,18,461,false
cdb-aligned-websocket-before-run2,websocket,locator,browser.batch,863.546,261,610,false
cdb-aligned-websocket-before-run2,websocket,locator,browser.fill,190.270,118,56,false
cdb-aligned-websocket-before-run2,websocket,locator,browser.click,177.798,97,57,false
cdb-aligned-websocket-before-run2,websocket,locator,browser.snapshot,597.355,18,461,false
cdb-aligned-websocket-before-run2,websocket,locator,browser.batch,858.176,261,610,false
cdb-aligned-websocket-before-run2,websocket,locator,browser.fill,194.374,118,56,false
cdb-aligned-websocket-before-run2,websocket,locator,browser.click,188.062,97,57,false
cdb-aligned-websocket-before-run2,websocket,locator,browser.snapshot,634.014,18,461,false
cdb-aligned-websocket-before-run2,websocket,locator,browser.batch,891.770,261,610,false
cdb-aligned-websocket-before-run2,websocket,locator,browser.fill,203.661,118,56,false
cdb-aligned-websocket-before-run2,websocket,locator,browser.click,181.900,97,57,false
cdb-aligned-websocket-before-run2,websocket,locator,browser.snapshot,605.101,18,461,false
cdb-aligned-websocket-before-run2,websocket,locator,browser.batch,893.355,261,610,false
cdb-aligned-websocket-before-run2,websocket,locator,browser.fill,197.527,118,56,false
cdb-aligned-websocket-before-run2,websocket,locator,browser.click,182.822,97,57,false
cdb-aligned-websocket-before-run2,websocket,locator,browser.snapshot,612.556,18,461,false
cdb-aligned-websocket-before-run2,websocket,locator,browser.batch,862.920,261,610,false
cdb-aligned-websocket-before-run2,websocket,locator,browser.fill,195.462,118,56,false
cdb-aligned-websocket-before-run2,websocket,locator,browser.click,177.294,97,57,false
cdb-aligned-websocket-before-run2,websocket,locator,browser.snapshot,581.507,18,461,false
cdb-aligned-websocket-before-run2,websocket,locator,browser.batch,910.839,261,610,false
cdb-aligned-websocket-before-run2,websocket,locator,browser.fill,202.803,118,56,false
cdb-aligned-websocket-before-run2,websocket,locator,browser.click,176.560,97,57,false
cdb-aligned-websocket-before-run2,websocket,locator,browser.snapshot,573.069,18,461,false
cdb-aligned-websocket-before-run2,websocket,locator,browser.batch,877.780,261,610,false
cdb-aligned-websocket-before-run2,websocket,locator,browser.fill,192.100,118,56,false
cdb-aligned-websocket-before-run2,websocket,locator,browser.click,179.809,97,57,false
cdb-aligned-websocket-before-run2,websocket,locator,browser.snapshot,585.387,18,461,false
cdb-aligned-websocket-before-run2,websocket,locator,browser.batch,883.730,261,610,false
cdb-aligned-websocket-before-run2,websocket,locator,browser.fill,192.374,118,56,false
cdb-aligned-websocket-before-run2,websocket,locator,browser.click,176.698,97,57,false
cdb-aligned-websocket-before-run2,websocket,locator,browser.snapshot,587.039,18,461,false
cdb-aligned-websocket-before-run2,websocket,locator,browser.batch,891.264,261,610,false
cdb-aligned-websocket-before-run2,websocket,locator,browser.fill,194.365,118,56,false
cdb-aligned-websocket-before-run2,websocket,locator,browser.click,194.201,97,57,false
cdb-aligned-websocket-before-run2,websocket,locator,browser.snapshot,608.139,18,461,false
cdb-aligned-websocket-before-run2,websocket,locator,browser.batch,854.655,261,610,false
cdb-aligned-websocket-before-run2,websocket,locator,browser.fill,193.740,118,56,false
cdb-aligned-websocket-before-run2,websocket,locator,browser.click,176.155,97,57,false
cdb-aligned-websocket-before-run2,websocket,locator,browser.snapshot,634.267,18,461,false
cdb-aligned-websocket-before-run2,websocket,locator,browser.batch,895.048,261,610,false
cdb-aligned-websocket-before-run2,websocket,locator,browser.fill,201.982,118,56,false
cdb-aligned-websocket-before-run2,websocket,locator,browser.click,185.460,97,57,false
cdb-aligned-websocket-before-run2,websocket,locator,browser.snapshot,643.023,18,461,false
cdb-aligned-websocket-before-run2,websocket,locator,browser.batch,900.368,261,610,false
cdb-aligned-websocket-before-run2,websocket,locator,browser.fill,198.589,118,56,false
cdb-aligned-websocket-before-run2,websocket,locator,browser.click,229.749,97,57,false
cdb-aligned-websocket-before-run2,websocket,locator,browser.snapshot,901.770,18,461,false
cdb-aligned-websocket-before-run2,websocket,locator,browser.batch,1254.013,261,610,false
cdb-aligned-websocket-before-run2,websocket,locator,browser.fill,247.359,118,56,false
cdb-aligned-websocket-before-run2,websocket,locator,browser.click,270.576,97,57,false
cdb-aligned-websocket-before-run2,websocket,locator,browser.snapshot,1483.972,18,461,false
cdb-aligned-websocket-before-run2,websocket,locator,browser.batch,1716.991,261,610,false
cdb-aligned-websocket-before-run2,websocket,locator,browser.fill,266.970,118,56,false
cdb-aligned-websocket-before-run2,websocket,locator,browser.click,287.017,97,57,false
cdb-aligned-websocket-before-run2,websocket,locator,browser.snapshot,809.155,18,461,false
cdb-aligned-websocket-before-run2,websocket,locator,browser.batch,1085.140,261,610,false
cdb-aligned-websocket-before-run2,websocket,locator,browser.fill,315.629,118,56,false
cdb-aligned-websocket-before-run2,websocket,locator,browser.click,245.230,97,57,false
cdb-aligned-websocket-before-run2,websocket,locator,browser.snapshot,680.485,18,461,false
cdb-aligned-websocket-before-run2,websocket,locator,browser.batch,946.977,261,610,false
cdb-aligned-websocket-before-run2,websocket,locator,browser.fill,339.351,118,56,false
cdb-aligned-websocket-before-run2,websocket,locator,browser.click,186.384,97,57,false
cdb-aligned-websocket-before-run2,websocket,locator,browser.snapshot,608.960,18,461,false
cdb-aligned-websocket-before-run2,websocket,locator,browser.batch,961.514,261,610,false
cdb-aligned-websocket-before-run2,websocket,locator,browser.fill,202.998,118,56,false
cdb-aligned-websocket-before-run2,websocket,locator,browser.click,176.249,97,57,false
cdb-aligned-websocket-before-run2,websocket,locator,browser.snapshot,682.514,18,461,false
cdb-aligned-websocket-before-run2,websocket,locator,browser.batch,926.268,261,610,false
cdb-aligned-websocket-before-run2,websocket,locator,browser.fill,205.884,118,56,false
cdb-aligned-websocket-before-run2,websocket,locator,browser.click,181.272,97,57,false
cdb-aligned-websocket-before-run2,websocket,locator,browser.snapshot,581.463,18,461,false
cdb-aligned-websocket-before-run2,websocket,locator,browser.batch,852.156,261,610,false
cdb-aligned-websocket-before-run2,websocket,locator,browser.fill,194.727,118,56,false
cdb-aligned-websocket-before-run2,websocket,locator,browser.click,193.143,97,57,false
cdb-aligned-websocket-before-run2,websocket,locator,browser.snapshot,599.226,18,461,false
cdb-aligned-websocket-before-run2,websocket,locator,browser.batch,870.157,261,610,false
cdb-aligned-websocket-before-run2,websocket,locator,browser.click:blocked,2000.409,97,172,true
cdb-aligned-websocket-before-run2,websocket,locator,browser.click:blocked,2002.386,97,172,true
cdb-aligned-websocket-before-run2,websocket,locator,browser.click:blocked,2003.197,97,172,true
cdb-aligned-websocket-before-run2,websocket,locator,browser.click:blocked,2001.514,97,172,true
cdb-aligned-websocket-before-run2,websocket,locator,browser.click:blocked,2000.527,97,172,true
cdb-aligned-websocket-before-run2,websocket,locator,browser.click:blocked,2001.392,97,172,true
cdb-aligned-websocket-before-run2,websocket,locator,browser.click:blocked,2001.921,97,172,true
cdb-aligned-websocket-before-run2,websocket,locator,browser.click:blocked,2000.817,97,172,true
cdb-aligned-websocket-before-run2,websocket,locator,browser.click:blocked,2000.693,97,172,true
cdb-aligned-websocket-before-run2,websocket,locator,browser.click:blocked,2001.429,97,172,true
cdb-aligned-websocket-before-run2,websocket,locator,browser.click:blocked,2001.018,97,172,true
cdb-aligned-websocket-before-run2,websocket,locator,browser.click:blocked,2002.225,97,172,true
cdb-aligned-websocket-before-run2,websocket,locator,browser.click:blocked,2000.536,97,172,true
cdb-aligned-websocket-before-run2,websocket,locator,browser.click:blocked,2001.945,97,172,true
cdb-aligned-websocket-before-run2,websocket,locator,browser.click:blocked,1999.834,97,172,true
cdb-aligned-websocket-before-run2,websocket,locator,browser.click:blocked,2001.935,97,172,true
cdb-aligned-websocket-before-run2,websocket,locator,browser.click:blocked,2000.458,97,172,true
cdb-aligned-websocket-before-run2,websocket,locator,browser.click:blocked,2003.039,97,172,true
cdb-aligned-websocket-before-run2,websocket,locator,browser.click:blocked,2025.623,97,172,true
cdb-aligned-websocket-before-run2,websocket,locator,browser.click:blocked,2005.278,97,172,true
cdb-aligned-websocket-before-run2,websocket,locator,browser.click:blocked,2000.817,97,172,true
cdb-aligned-websocket-before-run2,websocket,locator,browser.click:blocked,2001.227,97,172,true
cdb-aligned-websocket-before-run2,websocket,locator,browser.click:blocked,2002.003,97,172,true
cdb-aligned-websocket-before-run2,websocket,locator,browser.click:blocked,2000.952,97,172,true
cdb-aligned-websocket-before-run2,websocket,locator,browser.click:blocked,2001.079,97,172,true
cdb-aligned-websocket-before-run2,websocket,locator,browser.click:blocked,2000.728,97,172,true
cdb-aligned-websocket-before-run2,websocket,locator,browser.click:blocked,2001.198,97,172,true
cdb-aligned-websocket-before-run2,websocket,locator,browser.click:blocked,2002.719,97,172,true
cdb-aligned-websocket-before-run2,websocket,locator,browser.click:blocked,2000.377,97,172,true
cdb-aligned-websocket-before-run2,websocket,locator,browser.click:blocked,2001.766,97,172,true
cdb-aligned-devframe-before,devframe,ref,browser.fill,104.066,55,56,false
cdb-aligned-devframe-before,devframe,ref,browser.click,93.529,30,57,false
cdb-aligned-devframe-before,devframe,ref,browser.snapshot,730.327,18,456,false
cdb-aligned-devframe-before,devframe,ref,browser.batch,753.342,131,605,false
cdb-aligned-devframe-before,devframe,ref,browser.fill,100.512,55,56,false
cdb-aligned-devframe-before,devframe,ref,browser.click,84.664,30,57,false
cdb-aligned-devframe-before,devframe,ref,browser.snapshot,575.800,18,456,false
cdb-aligned-devframe-before,devframe,ref,browser.batch,711.061,131,605,false
cdb-aligned-devframe-before,devframe,ref,browser.fill,94.192,55,56,false
cdb-aligned-devframe-before,devframe,ref,browser.click,88.922,30,57,false
cdb-aligned-devframe-before,devframe,ref,browser.snapshot,614.592,18,456,false
cdb-aligned-devframe-before,devframe,ref,browser.batch,837.354,131,605,false
cdb-aligned-devframe-before,devframe,ref,browser.fill,100.221,55,56,false
cdb-aligned-devframe-before,devframe,ref,browser.click,115.483,30,57,false
cdb-aligned-devframe-before,devframe,ref,browser.snapshot,714.280,18,456,false
cdb-aligned-devframe-before,devframe,ref,browser.batch,751.249,131,605,false
cdb-aligned-devframe-before,devframe,ref,browser.fill,99.544,55,56,false
cdb-aligned-devframe-before,devframe,ref,browser.click,87.867,30,57,false
cdb-aligned-devframe-before,devframe,ref,browser.snapshot,596.735,18,457,false
cdb-aligned-devframe-before,devframe,ref,browser.batch,741.387,132,610,false
cdb-aligned-devframe-before,devframe,ref,browser.fill,94.342,56,56,false
cdb-aligned-devframe-before,devframe,ref,browser.click,89.745,31,57,false
cdb-aligned-devframe-before,devframe,ref,browser.snapshot,660.726,18,461,false
cdb-aligned-devframe-before,devframe,ref,browser.batch,812.642,133,610,false
cdb-aligned-devframe-before,devframe,ref,browser.fill,104.339,56,56,false
cdb-aligned-devframe-before,devframe,ref,browser.click,89.699,31,57,false
cdb-aligned-devframe-before,devframe,ref,browser.snapshot,622.521,18,461,false
cdb-aligned-devframe-before,devframe,ref,browser.batch,906.388,133,610,false
cdb-aligned-devframe-before,devframe,ref,browser.fill,96.110,56,56,false
cdb-aligned-devframe-before,devframe,ref,browser.click,83.051,31,57,false
cdb-aligned-devframe-before,devframe,ref,browser.snapshot,579.372,18,461,false
cdb-aligned-devframe-before,devframe,ref,browser.batch,749.656,133,610,false
cdb-aligned-devframe-before,devframe,ref,browser.fill,88.501,56,56,false
cdb-aligned-devframe-before,devframe,ref,browser.click,82.776,31,57,false
cdb-aligned-devframe-before,devframe,ref,browser.snapshot,590.464,18,461,false
cdb-aligned-devframe-before,devframe,ref,browser.batch,769.605,133,610,false
cdb-aligned-devframe-before,devframe,ref,browser.fill,95.667,56,56,false
cdb-aligned-devframe-before,devframe,ref,browser.click,83.181,31,57,false
cdb-aligned-devframe-before,devframe,ref,browser.snapshot,651.451,18,461,false
cdb-aligned-devframe-before,devframe,ref,browser.batch,810.476,133,610,false
cdb-aligned-devframe-before,devframe,ref,browser.fill,105.964,56,56,false
cdb-aligned-devframe-before,devframe,ref,browser.click,112.907,31,57,false
cdb-aligned-devframe-before,devframe,ref,browser.snapshot,651.291,18,461,false
cdb-aligned-devframe-before,devframe,ref,browser.batch,930.393,133,610,false
cdb-aligned-devframe-before,devframe,ref,browser.fill,108.655,56,56,false
cdb-aligned-devframe-before,devframe,ref,browser.click,111.568,31,57,false
cdb-aligned-devframe-before,devframe,ref,browser.snapshot,1012.675,18,461,false
cdb-aligned-devframe-before,devframe,ref,browser.batch,791.056,133,610,false
cdb-aligned-devframe-before,devframe,ref,browser.fill,130.655,56,56,false
cdb-aligned-devframe-before,devframe,ref,browser.click,90.408,31,57,false
cdb-aligned-devframe-before,devframe,ref,browser.snapshot,615.943,18,461,false
cdb-aligned-devframe-before,devframe,ref,browser.batch,786.404,133,610,false
cdb-aligned-devframe-before,devframe,ref,browser.fill,98.144,56,56,false
cdb-aligned-devframe-before,devframe,ref,browser.click,83.996,31,57,false
cdb-aligned-devframe-before,devframe,ref,browser.snapshot,613.391,18,461,false
cdb-aligned-devframe-before,devframe,ref,browser.batch,761.260,133,610,false
cdb-aligned-devframe-before,devframe,ref,browser.fill,96.506,56,56,false
cdb-aligned-devframe-before,devframe,ref,browser.click,87.619,31,57,false
cdb-aligned-devframe-before,devframe,ref,browser.snapshot,634.891,18,461,false
cdb-aligned-devframe-before,devframe,ref,browser.batch,801.653,133,610,false
cdb-aligned-devframe-before,devframe,ref,browser.fill,91.649,56,56,false
cdb-aligned-devframe-before,devframe,ref,browser.click,87.699,31,57,false
cdb-aligned-devframe-before,devframe,ref,browser.snapshot,594.566,18,461,false
cdb-aligned-devframe-before,devframe,ref,browser.batch,734.554,133,610,false
cdb-aligned-devframe-before,devframe,ref,browser.fill,89.940,56,56,false
cdb-aligned-devframe-before,devframe,ref,browser.click,106.134,31,57,false
cdb-aligned-devframe-before,devframe,ref,browser.snapshot,608.549,18,461,false
cdb-aligned-devframe-before,devframe,ref,browser.batch,756.881,133,610,false
cdb-aligned-devframe-before,devframe,ref,browser.fill,93.339,56,56,false
cdb-aligned-devframe-before,devframe,ref,browser.click,85.273,31,57,false
cdb-aligned-devframe-before,devframe,ref,browser.snapshot,600.843,18,461,false
cdb-aligned-devframe-before,devframe,ref,browser.batch,795.403,133,610,false
cdb-aligned-devframe-before,devframe,ref,browser.fill,94.342,56,56,false
cdb-aligned-devframe-before,devframe,ref,browser.click,92.417,31,57,false
cdb-aligned-devframe-before,devframe,ref,browser.snapshot,619.168,18,461,false
cdb-aligned-devframe-before,devframe,ref,browser.batch,772.628,133,610,false
cdb-aligned-devframe-before,devframe,ref,browser.fill,96.869,56,56,false
cdb-aligned-devframe-before,devframe,ref,browser.click,83.843,31,57,false
cdb-aligned-devframe-before,devframe,ref,browser.snapshot,613.331,18,461,false
cdb-aligned-devframe-before,devframe,ref,browser.batch,746.664,133,610,false
cdb-aligned-devframe-before,devframe,ref,browser.fill,88.428,56,56,false
cdb-aligned-devframe-before,devframe,ref,browser.click,82.767,31,57,false
cdb-aligned-devframe-before,devframe,ref,browser.snapshot,573.358,18,461,false
cdb-aligned-devframe-before,devframe,ref,browser.batch,726.509,133,610,false
cdb-aligned-devframe-before,devframe,ref,browser.fill,93.237,56,56,false
cdb-aligned-devframe-before,devframe,ref,browser.click,88.080,31,57,false
cdb-aligned-devframe-before,devframe,ref,browser.snapshot,565.703,18,461,false
cdb-aligned-devframe-before,devframe,ref,browser.batch,745.814,133,610,false
cdb-aligned-devframe-before,devframe,ref,browser.fill,93.573,56,56,false
cdb-aligned-devframe-before,devframe,ref,browser.click,89.406,31,57,false
cdb-aligned-devframe-before,devframe,ref,browser.snapshot,572.814,18,461,false
cdb-aligned-devframe-before,devframe,ref,browser.batch,720.655,133,610,false
cdb-aligned-devframe-before,devframe,ref,browser.fill,98.156,56,56,false
cdb-aligned-devframe-before,devframe,ref,browser.click,82.908,31,57,false
cdb-aligned-devframe-before,devframe,ref,browser.snapshot,589.519,18,461,false
cdb-aligned-devframe-before,devframe,ref,browser.batch,715.673,133,610,false
cdb-aligned-devframe-before,devframe,ref,browser.fill,89.456,56,56,false
cdb-aligned-devframe-before,devframe,ref,browser.click,82.304,31,57,false
cdb-aligned-devframe-before,devframe,ref,browser.snapshot,567.874,18,461,false
cdb-aligned-devframe-before,devframe,ref,browser.batch,732.491,133,610,false
cdb-aligned-devframe-before,devframe,ref,browser.fill,89.008,56,56,false
cdb-aligned-devframe-before,devframe,ref,browser.click,84.414,31,57,false
cdb-aligned-devframe-before,devframe,ref,browser.snapshot,580.061,18,461,false
cdb-aligned-devframe-before,devframe,ref,browser.batch,726.630,133,610,false
cdb-aligned-devframe-before,devframe,ref,browser.fill,89.356,56,56,false
cdb-aligned-devframe-before,devframe,ref,browser.click,86.130,31,57,false
cdb-aligned-devframe-before,devframe,ref,browser.snapshot,565.131,18,461,false
cdb-aligned-devframe-before,devframe,ref,browser.batch,746.996,133,610,false
cdb-aligned-devframe-before,devframe,ref,browser.fill,93.723,56,56,false
cdb-aligned-devframe-before,devframe,ref,browser.click,88.652,31,57,false
cdb-aligned-devframe-before,devframe,ref,browser.snapshot,594.171,18,461,false
cdb-aligned-devframe-before,devframe,ref,browser.batch,740.821,133,610,false
cdb-aligned-devframe-before,devframe,ref,browser.fill,94.555,56,56,false
cdb-aligned-devframe-before,devframe,ref,browser.click,84.390,31,57,false
cdb-aligned-devframe-before,devframe,ref,browser.snapshot,578.605,18,461,false
cdb-aligned-devframe-before,devframe,ref,browser.batch,726.696,133,610,false
cdb-aligned-devframe-before,devframe,ref,browser.fill,88.792,56,56,false
cdb-aligned-devframe-before,devframe,ref,browser.click,82.149,31,57,false
cdb-aligned-devframe-before,devframe,ref,browser.snapshot,581.087,18,461,false
cdb-aligned-devframe-before,devframe,ref,browser.batch,717.663,133,610,false
cdb-aligned-devframe-before,devframe,ref,browser.click:blocked,2005.463,31,197,true
cdb-aligned-devframe-before,devframe,ref,browser.click:blocked,2004.453,31,197,true
cdb-aligned-devframe-before,devframe,ref,browser.click:blocked,2003.356,31,197,true
cdb-aligned-devframe-before,devframe,ref,browser.click:blocked,2002.313,31,197,true
cdb-aligned-devframe-before,devframe,ref,browser.click:blocked,2005.888,31,197,true
cdb-aligned-devframe-before,devframe,ref,browser.click:blocked,2003.654,31,197,true
cdb-aligned-devframe-before,devframe,ref,browser.click:blocked,2008.438,31,197,true
cdb-aligned-devframe-before,devframe,ref,browser.click:blocked,2004.979,31,197,true
cdb-aligned-devframe-before,devframe,ref,browser.click:blocked,2004.797,31,197,true
cdb-aligned-devframe-before,devframe,ref,browser.click:blocked,2010.147,31,197,true
cdb-aligned-devframe-before,devframe,ref,browser.click:blocked,2004.570,31,197,true
cdb-aligned-devframe-before,devframe,ref,browser.click:blocked,2003.098,31,197,true
cdb-aligned-devframe-before,devframe,ref,browser.click:blocked,2006.892,31,197,true
cdb-aligned-devframe-before,devframe,ref,browser.click:blocked,2003.687,31,197,true
cdb-aligned-devframe-before,devframe,ref,browser.click:blocked,2004.773,31,197,true
cdb-aligned-devframe-before,devframe,ref,browser.click:blocked,2001.920,31,197,true
cdb-aligned-devframe-before,devframe,ref,browser.click:blocked,2005.558,31,197,true
cdb-aligned-devframe-before,devframe,ref,browser.click:blocked,2005.765,31,197,true
cdb-aligned-devframe-before,devframe,ref,browser.click:blocked,2001.628,31,197,true
cdb-aligned-devframe-before,devframe,ref,browser.click:blocked,2005.079,31,197,true
cdb-aligned-devframe-before,devframe,ref,browser.click:blocked,2009.399,31,197,true
cdb-aligned-devframe-before,devframe,ref,browser.click:blocked,2005.163,31,197,true
cdb-aligned-devframe-before,devframe,ref,browser.click:blocked,2002.479,31,197,true
cdb-aligned-devframe-before,devframe,ref,browser.click:blocked,2006.422,31,197,true
cdb-aligned-devframe-before,devframe,ref,browser.click:blocked,2002.785,31,197,true
cdb-aligned-devframe-before,devframe,ref,browser.click:blocked,2004.916,31,197,true
cdb-aligned-devframe-before,devframe,ref,browser.click:blocked,2004.614,31,197,true
cdb-aligned-devframe-before,devframe,ref,browser.click:blocked,2004.111,31,197,true
cdb-aligned-devframe-before,devframe,ref,browser.click:blocked,2001.204,31,197,true
cdb-aligned-devframe-before,devframe,ref,browser.click:blocked,2001.942,31,197,true
cdb-aligned-devframe-before,devframe,locator,browser.fill,307.098,118,56,false
cdb-aligned-devframe-before,devframe,locator,browser.click,446.050,97,57,false
cdb-aligned-devframe-before,devframe,locator,browser.snapshot,668.532,18,461,false
cdb-aligned-devframe-before,devframe,locator,browser.batch,1542.640,261,610,false
cdb-aligned-devframe-before,devframe,locator,browser.fill,294.148,118,56,false
cdb-aligned-devframe-before,devframe,locator,browser.click,265.277,97,57,false
cdb-aligned-devframe-before,devframe,locator,browser.snapshot,704.455,18,461,false
cdb-aligned-devframe-before,devframe,locator,browser.batch,1127.458,261,610,false
cdb-aligned-devframe-before,devframe,locator,browser.fill,274.874,118,56,false
cdb-aligned-devframe-before,devframe,locator,browser.click,333.387,97,57,false
cdb-aligned-devframe-before,devframe,locator,browser.snapshot,679.520,18,461,false
cdb-aligned-devframe-before,devframe,locator,browser.batch,1858.327,261,610,false
cdb-aligned-devframe-before,devframe,locator,browser.fill,322.065,118,56,false
cdb-aligned-devframe-before,devframe,locator,browser.click,348.484,97,57,false
cdb-aligned-devframe-before,devframe,locator,browser.snapshot,767.463,18,461,false
cdb-aligned-devframe-before,devframe,locator,browser.batch,1224.699,261,610,false
cdb-aligned-devframe-before,devframe,locator,browser.fill,345.412,118,56,false
cdb-aligned-devframe-before,devframe,locator,browser.click,456.265,97,57,false
cdb-aligned-devframe-before,devframe,locator,browser.snapshot,859.477,18,461,false
cdb-aligned-devframe-before,devframe,locator,browser.batch,1052.461,261,610,false
cdb-aligned-devframe-before,devframe,locator,browser.fill,324.846,118,56,false
cdb-aligned-devframe-before,devframe,locator,browser.click,339.914,97,57,false
cdb-aligned-devframe-before,devframe,locator,browser.snapshot,603.646,18,461,false
cdb-aligned-devframe-before,devframe,locator,browser.batch,1119.891,261,610,false
cdb-aligned-devframe-before,devframe,locator,browser.fill,364.026,118,56,false
cdb-aligned-devframe-before,devframe,locator,browser.click,291.372,97,57,false
cdb-aligned-devframe-before,devframe,locator,browser.snapshot,695.998,18,461,false
cdb-aligned-devframe-before,devframe,locator,browser.batch,1121.545,261,610,false
cdb-aligned-devframe-before,devframe,locator,browser.fill,344.368,118,56,false
cdb-aligned-devframe-before,devframe,locator,browser.click,275.336,97,57,false
cdb-aligned-devframe-before,devframe,locator,browser.snapshot,590.111,18,461,false
cdb-aligned-devframe-before,devframe,locator,browser.batch,1085.547,261,610,false
cdb-aligned-devframe-before,devframe,locator,browser.fill,331.611,118,56,false
cdb-aligned-devframe-before,devframe,locator,browser.click,349.221,97,57,false
cdb-aligned-devframe-before,devframe,locator,browser.snapshot,567.709,18,461,false
cdb-aligned-devframe-before,devframe,locator,browser.batch,1261.126,261,610,false
cdb-aligned-devframe-before,devframe,locator,browser.fill,437.917,118,56,false
cdb-aligned-devframe-before,devframe,locator,browser.click,441.670,97,57,false
cdb-aligned-devframe-before,devframe,locator,browser.snapshot,614.084,18,461,false
cdb-aligned-devframe-before,devframe,locator,browser.batch,1278.103,261,610,false
cdb-aligned-devframe-before,devframe,locator,browser.fill,357.383,118,56,false
cdb-aligned-devframe-before,devframe,locator,browser.click,370.424,97,57,false
cdb-aligned-devframe-before,devframe,locator,browser.snapshot,571.920,18,461,false
cdb-aligned-devframe-before,devframe,locator,browser.batch,1229.091,261,610,false
cdb-aligned-devframe-before,devframe,locator,browser.fill,323.656,118,56,false
cdb-aligned-devframe-before,devframe,locator,browser.click,355.424,97,57,false
cdb-aligned-devframe-before,devframe,locator,browser.snapshot,611.128,18,461,false
cdb-aligned-devframe-before,devframe,locator,browser.batch,1291.342,261,610,false
cdb-aligned-devframe-before,devframe,locator,browser.fill,406.162,118,56,false
cdb-aligned-devframe-before,devframe,locator,browser.click,344.034,97,57,false
cdb-aligned-devframe-before,devframe,locator,browser.snapshot,581.763,18,461,false
cdb-aligned-devframe-before,devframe,locator,browser.batch,1293.550,261,610,false
cdb-aligned-devframe-before,devframe,locator,browser.fill,424.984,118,56,false
cdb-aligned-devframe-before,devframe,locator,browser.click,456.078,97,57,false
cdb-aligned-devframe-before,devframe,locator,browser.snapshot,623.690,18,461,false
cdb-aligned-devframe-before,devframe,locator,browser.batch,1126.250,261,610,false
cdb-aligned-devframe-before,devframe,locator,browser.fill,415.438,118,56,false
cdb-aligned-devframe-before,devframe,locator,browser.click,376.528,97,57,false
cdb-aligned-devframe-before,devframe,locator,browser.snapshot,632.152,18,461,false
cdb-aligned-devframe-before,devframe,locator,browser.batch,1265.944,261,610,false
cdb-aligned-devframe-before,devframe,locator,browser.fill,433.839,118,56,false
cdb-aligned-devframe-before,devframe,locator,browser.click,374.878,97,57,false
cdb-aligned-devframe-before,devframe,locator,browser.snapshot,633.119,18,461,false
cdb-aligned-devframe-before,devframe,locator,browser.batch,1149.099,261,610,false
cdb-aligned-devframe-before,devframe,locator,browser.fill,326.585,118,56,false
cdb-aligned-devframe-before,devframe,locator,browser.click,407.169,97,57,false
cdb-aligned-devframe-before,devframe,locator,browser.snapshot,646.519,18,461,false
cdb-aligned-devframe-before,devframe,locator,browser.batch,1285.977,261,610,false
cdb-aligned-devframe-before,devframe,locator,browser.fill,429.891,118,56,false
cdb-aligned-devframe-before,devframe,locator,browser.click,438.233,97,57,false
cdb-aligned-devframe-before,devframe,locator,browser.snapshot,631.215,18,461,false
cdb-aligned-devframe-before,devframe,locator,browser.batch,1215.314,261,610,false
cdb-aligned-devframe-before,devframe,locator,browser.fill,420.812,118,56,false
cdb-aligned-devframe-before,devframe,locator,browser.click,432.174,97,57,false
cdb-aligned-devframe-before,devframe,locator,browser.snapshot,664.959,18,461,false
cdb-aligned-devframe-before,devframe,locator,browser.batch,1257.799,261,610,false
cdb-aligned-devframe-before,devframe,locator,browser.fill,326.526,118,56,false
cdb-aligned-devframe-before,devframe,locator,browser.click,432.816,97,57,false
cdb-aligned-devframe-before,devframe,locator,browser.snapshot,624.788,18,461,false
cdb-aligned-devframe-before,devframe,locator,browser.batch,1251.837,261,610,false
cdb-aligned-devframe-before,devframe,locator,browser.fill,371.122,118,56,false
cdb-aligned-devframe-before,devframe,locator,browser.click,336.903,97,57,false
cdb-aligned-devframe-before,devframe,locator,browser.snapshot,592.021,18,461,false
cdb-aligned-devframe-before,devframe,locator,browser.batch,1330.396,261,610,false
cdb-aligned-devframe-before,devframe,locator,browser.fill,332.089,118,56,false
cdb-aligned-devframe-before,devframe,locator,browser.click,273.460,97,57,false
cdb-aligned-devframe-before,devframe,locator,browser.snapshot,663.480,18,461,false
cdb-aligned-devframe-before,devframe,locator,browser.batch,1251.497,261,610,false
cdb-aligned-devframe-before,devframe,locator,browser.fill,322.947,118,56,false
cdb-aligned-devframe-before,devframe,locator,browser.click,340.396,97,57,false
cdb-aligned-devframe-before,devframe,locator,browser.snapshot,625.137,18,461,false
cdb-aligned-devframe-before,devframe,locator,browser.batch,1168.285,261,610,false
cdb-aligned-devframe-before,devframe,locator,browser.fill,537.405,118,56,false
cdb-aligned-devframe-before,devframe,locator,browser.click,290.459,97,57,false
cdb-aligned-devframe-before,devframe,locator,browser.snapshot,643.662,18,461,false
cdb-aligned-devframe-before,devframe,locator,browser.batch,1122.630,261,610,false
cdb-aligned-devframe-before,devframe,locator,browser.fill,331.875,118,56,false
cdb-aligned-devframe-before,devframe,locator,browser.click,297.636,97,57,false
cdb-aligned-devframe-before,devframe,locator,browser.snapshot,601.933,18,461,false
cdb-aligned-devframe-before,devframe,locator,browser.batch,1289.874,261,610,false
cdb-aligned-devframe-before,devframe,locator,browser.fill,450.520,118,56,false
cdb-aligned-devframe-before,devframe,locator,browser.click,296.028,97,57,false
cdb-aligned-devframe-before,devframe,locator,browser.snapshot,729.033,18,461,false
cdb-aligned-devframe-before,devframe,locator,browser.batch,1079.317,261,610,false
cdb-aligned-devframe-before,devframe,locator,browser.fill,349.810,118,56,false
cdb-aligned-devframe-before,devframe,locator,browser.click,424.241,97,57,false
cdb-aligned-devframe-before,devframe,locator,browser.snapshot,672.811,18,461,false
cdb-aligned-devframe-before,devframe,locator,browser.batch,1380.985,261,610,false
cdb-aligned-devframe-before,devframe,locator,browser.fill,298.762,118,56,false
cdb-aligned-devframe-before,devframe,locator,browser.click,381.518,97,57,false
cdb-aligned-devframe-before,devframe,locator,browser.snapshot,673.477,18,461,false
cdb-aligned-devframe-before,devframe,locator,browser.batch,1276.475,261,610,false
cdb-aligned-devframe-before,devframe,locator,browser.fill,349.092,118,56,false
cdb-aligned-devframe-before,devframe,locator,browser.click,315.707,97,57,false
cdb-aligned-devframe-before,devframe,locator,browser.snapshot,656.487,18,461,false
cdb-aligned-devframe-before,devframe,locator,browser.batch,1136.783,261,610,false
cdb-aligned-devframe-before,devframe,locator,browser.fill,295.324,118,56,false
cdb-aligned-devframe-before,devframe,locator,browser.click,285.077,97,57,false
cdb-aligned-devframe-before,devframe,locator,browser.snapshot,633.594,18,461,false
cdb-aligned-devframe-before,devframe,locator,browser.batch,1292.400,261,610,false
cdb-aligned-devframe-before,devframe,locator,browser.click:blocked,2026.332,97,197,true
cdb-aligned-devframe-before,devframe,locator,browser.click:blocked,2078.657,97,197,true
cdb-aligned-devframe-before,devframe,locator,browser.click:blocked,2166.388,97,197,true
cdb-aligned-devframe-before,devframe,locator,browser.click:blocked,2001.493,97,197,true
cdb-aligned-devframe-before,devframe,locator,browser.click:blocked,2060.925,97,197,true
cdb-aligned-devframe-before,devframe,locator,browser.click:blocked,2051.839,97,197,true
cdb-aligned-devframe-before,devframe,locator,browser.click:blocked,2001.442,97,197,true
cdb-aligned-devframe-before,devframe,locator,browser.click:blocked,2000.921,97,197,true
cdb-aligned-devframe-before,devframe,locator,browser.click:blocked,2000.384,97,197,true
cdb-aligned-devframe-before,devframe,locator,browser.click:blocked,2001.923,97,197,true
cdb-aligned-devframe-before,devframe,locator,browser.click:blocked,2003.992,97,197,true
cdb-aligned-devframe-before,devframe,locator,browser.click:blocked,2002.736,97,197,true
cdb-aligned-devframe-before,devframe,locator,browser.click:blocked,2000.461,97,197,true
cdb-aligned-devframe-before,devframe,locator,browser.click:blocked,2003.326,97,197,true
cdb-aligned-devframe-before,devframe,locator,browser.click:blocked,2003.266,97,197,true
cdb-aligned-devframe-before,devframe,locator,browser.click:blocked,2000.196,97,197,true
cdb-aligned-devframe-before,devframe,locator,browser.click:blocked,2004.421,97,197,true
cdb-aligned-devframe-before,devframe,locator,browser.click:blocked,2002.615,97,197,true
cdb-aligned-devframe-before,devframe,locator,browser.click:blocked,2032.387,97,197,true
cdb-aligned-devframe-before,devframe,locator,browser.click:blocked,2013.513,97,197,true
cdb-aligned-devframe-before,devframe,locator,browser.click:blocked,2005.347,97,197,true
cdb-aligned-devframe-before,devframe,locator,browser.click:blocked,2047.933,97,197,true
cdb-aligned-devframe-before,devframe,locator,browser.click:blocked,2137.193,97,197,true
cdb-aligned-devframe-before,devframe,locator,browser.click:blocked,2003.621,97,197,true
cdb-aligned-devframe-before,devframe,locator,browser.click:blocked,2046.911,97,197,true
cdb-aligned-devframe-before,devframe,locator,browser.click:blocked,2002.456,97,197,true
cdb-aligned-devframe-before,devframe,locator,browser.click:blocked,2003.009,97,197,true
cdb-aligned-devframe-before,devframe,locator,browser.click:blocked,2000.290,97,197,true
cdb-aligned-devframe-before,devframe,locator,browser.click:blocked,2001.732,97,197,true
cdb-aligned-devframe-before,devframe,locator,browser.click:blocked,2004.124,97,197,true
cdb-aligned-websocket-final,websocket,ref,browser.fill,125.710,55,56,false
cdb-aligned-websocket-final,websocket,ref,browser.click,102.587,30,57,false
cdb-aligned-websocket-final,websocket,ref,browser.snapshot,643.090,18,456,false
cdb-aligned-websocket-final,websocket,ref,browser.batch,761.473,131,605,false
cdb-aligned-websocket-final,websocket,ref,browser.fill,101.112,55,56,false
cdb-aligned-websocket-final,websocket,ref,browser.click,96.903,30,57,false
cdb-aligned-websocket-final,websocket,ref,browser.snapshot,636.080,18,456,false
cdb-aligned-websocket-final,websocket,ref,browser.batch,934.368,131,605,false
cdb-aligned-websocket-final,websocket,ref,browser.fill,97.252,55,56,false
cdb-aligned-websocket-final,websocket,ref,browser.click,99.629,30,57,false
cdb-aligned-websocket-final,websocket,ref,browser.snapshot,636.894,18,456,false
cdb-aligned-websocket-final,websocket,ref,browser.batch,782.730,131,605,false
cdb-aligned-websocket-final,websocket,ref,browser.fill,96.522,55,56,false
cdb-aligned-websocket-final,websocket,ref,browser.click,98.351,30,57,false
cdb-aligned-websocket-final,websocket,ref,browser.snapshot,657.567,18,456,false
cdb-aligned-websocket-final,websocket,ref,browser.batch,894.459,131,605,false
cdb-aligned-websocket-final,websocket,ref,browser.fill,103.947,55,56,false
cdb-aligned-websocket-final,websocket,ref,browser.click,121.643,30,57,false
cdb-aligned-websocket-final,websocket,ref,browser.snapshot,636.255,18,457,false
cdb-aligned-websocket-final,websocket,ref,browser.batch,908.680,132,610,false
cdb-aligned-websocket-final,websocket,ref,browser.fill,104.533,56,56,false
cdb-aligned-websocket-final,websocket,ref,browser.click,93.928,31,57,false
cdb-aligned-websocket-final,websocket,ref,browser.snapshot,648.901,18,461,false
cdb-aligned-websocket-final,websocket,ref,browser.batch,789.784,133,610,false
cdb-aligned-websocket-final,websocket,ref,browser.fill,107.163,56,56,false
cdb-aligned-websocket-final,websocket,ref,browser.click,134.566,31,57,false
cdb-aligned-websocket-final,websocket,ref,browser.snapshot,652.533,18,461,false
cdb-aligned-websocket-final,websocket,ref,browser.batch,894.372,133,610,false
cdb-aligned-websocket-final,websocket,ref,browser.fill,110.137,56,56,false
cdb-aligned-websocket-final,websocket,ref,browser.click,93.737,31,57,false
cdb-aligned-websocket-final,websocket,ref,browser.snapshot,610.916,18,461,false
cdb-aligned-websocket-final,websocket,ref,browser.batch,787.507,133,610,false
cdb-aligned-websocket-final,websocket,ref,browser.fill,118.146,56,56,false
cdb-aligned-websocket-final,websocket,ref,browser.click,140.368,31,57,false
cdb-aligned-websocket-final,websocket,ref,browser.snapshot,649.870,18,461,false
cdb-aligned-websocket-final,websocket,ref,browser.batch,851.749,133,610,false
cdb-aligned-websocket-final,websocket,ref,browser.fill,107.676,56,56,false
cdb-aligned-websocket-final,websocket,ref,browser.click,91.018,31,57,false
cdb-aligned-websocket-final,websocket,ref,browser.snapshot,641.999,18,461,false
cdb-aligned-websocket-final,websocket,ref,browser.batch,783.138,133,610,false
cdb-aligned-websocket-final,websocket,ref,browser.fill,98.303,56,56,false
cdb-aligned-websocket-final,websocket,ref,browser.click,90.478,31,57,false
cdb-aligned-websocket-final,websocket,ref,browser.snapshot,605.817,18,461,false
cdb-aligned-websocket-final,websocket,ref,browser.batch,790.715,133,610,false
cdb-aligned-websocket-final,websocket,ref,browser.fill,99.515,56,56,false
cdb-aligned-websocket-final,websocket,ref,browser.click,93.240,31,57,false
cdb-aligned-websocket-final,websocket,ref,browser.snapshot,596.222,18,461,false
cdb-aligned-websocket-final,websocket,ref,browser.batch,795.898,133,610,false
cdb-aligned-websocket-final,websocket,ref,browser.fill,99.308,56,56,false
cdb-aligned-websocket-final,websocket,ref,browser.click,93.232,31,57,false
cdb-aligned-websocket-final,websocket,ref,browser.snapshot,650.366,18,461,false
cdb-aligned-websocket-final,websocket,ref,browser.batch,821.946,133,610,false
cdb-aligned-websocket-final,websocket,ref,browser.fill,101.138,56,56,false
cdb-aligned-websocket-final,websocket,ref,browser.click,91.005,31,57,false
cdb-aligned-websocket-final,websocket,ref,browser.snapshot,665.184,18,461,false
cdb-aligned-websocket-final,websocket,ref,browser.batch,752.382,133,610,false
cdb-aligned-websocket-final,websocket,ref,browser.fill,100.397,56,56,false
cdb-aligned-websocket-final,websocket,ref,browser.click,92.085,31,57,false
cdb-aligned-websocket-final,websocket,ref,browser.snapshot,589.777,18,461,false
cdb-aligned-websocket-final,websocket,ref,browser.batch,815.886,133,610,false
cdb-aligned-websocket-final,websocket,ref,browser.fill,116.241,56,56,false
cdb-aligned-websocket-final,websocket,ref,browser.click,91.539,31,57,false
cdb-aligned-websocket-final,websocket,ref,browser.snapshot,614.700,18,461,false
cdb-aligned-websocket-final,websocket,ref,browser.batch,847.624,133,610,false
cdb-aligned-websocket-final,websocket,ref,browser.fill,97.635,56,56,false
cdb-aligned-websocket-final,websocket,ref,browser.click,134.918,31,57,false
cdb-aligned-websocket-final,websocket,ref,browser.snapshot,691.625,18,461,false
cdb-aligned-websocket-final,websocket,ref,browser.batch,899.642,133,610,false
cdb-aligned-websocket-final,websocket,ref,browser.fill,108.843,56,56,false
cdb-aligned-websocket-final,websocket,ref,browser.click,132.810,31,57,false
cdb-aligned-websocket-final,websocket,ref,browser.snapshot,653.788,18,461,false
cdb-aligned-websocket-final,websocket,ref,browser.batch,863.976,133,610,false
cdb-aligned-websocket-final,websocket,ref,browser.fill,108.961,56,56,false
cdb-aligned-websocket-final,websocket,ref,browser.click,95.425,31,57,false
cdb-aligned-websocket-final,websocket,ref,browser.snapshot,711.863,18,461,false
cdb-aligned-websocket-final,websocket,ref,browser.batch,950.744,133,610,false
cdb-aligned-websocket-final,websocket,ref,browser.fill,97.588,56,56,false
cdb-aligned-websocket-final,websocket,ref,browser.click,93.612,31,57,false
cdb-aligned-websocket-final,websocket,ref,browser.snapshot,625.285,18,461,false
cdb-aligned-websocket-final,websocket,ref,browser.batch,770.658,133,610,false
cdb-aligned-websocket-final,websocket,ref,browser.fill,96.505,56,56,false
cdb-aligned-websocket-final,websocket,ref,browser.click,136.740,31,57,false
cdb-aligned-websocket-final,websocket,ref,browser.snapshot,650.293,18,461,false
cdb-aligned-websocket-final,websocket,ref,browser.batch,781.756,133,610,false
cdb-aligned-websocket-final,websocket,ref,browser.fill,132.347,56,56,false
cdb-aligned-websocket-final,websocket,ref,browser.click,93.288,31,57,false
cdb-aligned-websocket-final,websocket,ref,browser.snapshot,634.770,18,461,false
cdb-aligned-websocket-final,websocket,ref,browser.batch,931.025,133,610,false
cdb-aligned-websocket-final,websocket,ref,browser.fill,104.678,56,56,false
cdb-aligned-websocket-final,websocket,ref,browser.click,90.536,31,57,false
cdb-aligned-websocket-final,websocket,ref,browser.snapshot,618.921,18,461,false
cdb-aligned-websocket-final,websocket,ref,browser.batch,796.601,133,610,false
cdb-aligned-websocket-final,websocket,ref,browser.fill,99.963,56,56,false
cdb-aligned-websocket-final,websocket,ref,browser.click,89.815,31,57,false
cdb-aligned-websocket-final,websocket,ref,browser.snapshot,620.308,18,461,false
cdb-aligned-websocket-final,websocket,ref,browser.batch,791.375,133,610,false
cdb-aligned-websocket-final,websocket,ref,browser.fill,112.617,56,56,false
cdb-aligned-websocket-final,websocket,ref,browser.click,93.466,31,57,false
cdb-aligned-websocket-final,websocket,ref,browser.snapshot,658.628,18,461,false
cdb-aligned-websocket-final,websocket,ref,browser.batch,1116.960,133,610,false
cdb-aligned-websocket-final,websocket,ref,browser.fill,103.187,56,56,false
cdb-aligned-websocket-final,websocket,ref,browser.click,96.616,31,57,false
cdb-aligned-websocket-final,websocket,ref,browser.snapshot,648.176,18,461,false
cdb-aligned-websocket-final,websocket,ref,browser.batch,822.425,133,610,false
cdb-aligned-websocket-final,websocket,ref,browser.fill,99.033,56,56,false
cdb-aligned-websocket-final,websocket,ref,browser.click,89.423,31,57,false
cdb-aligned-websocket-final,websocket,ref,browser.snapshot,619.810,18,461,false
cdb-aligned-websocket-final,websocket,ref,browser.batch,804.675,133,610,false
cdb-aligned-websocket-final,websocket,ref,browser.fill,113.941,56,56,false
cdb-aligned-websocket-final,websocket,ref,browser.click,97.044,31,57,false
cdb-aligned-websocket-final,websocket,ref,browser.snapshot,679.276,18,461,false
cdb-aligned-websocket-final,websocket,ref,browser.batch,874.531,133,610,false
cdb-aligned-websocket-final,websocket,ref,browser.fill,150.116,56,56,false
cdb-aligned-websocket-final,websocket,ref,browser.click,96.505,31,57,false
cdb-aligned-websocket-final,websocket,ref,browser.snapshot,651.503,18,461,false
cdb-aligned-websocket-final,websocket,ref,browser.batch,812.727,133,610,false
cdb-aligned-websocket-final,websocket,ref,browser.fill,101.557,56,56,false
cdb-aligned-websocket-final,websocket,ref,browser.click,94.317,31,57,false
cdb-aligned-websocket-final,websocket,ref,browser.snapshot,623.638,18,461,false
cdb-aligned-websocket-final,websocket,ref,browser.batch,813.837,133,610,false
cdb-aligned-websocket-final,websocket,ref,browser.click:blocked,2000.811,31,172,true
cdb-aligned-websocket-final,websocket,ref,browser.click:blocked,2000.571,31,172,true
cdb-aligned-websocket-final,websocket,ref,browser.click:blocked,2001.031,31,172,true
cdb-aligned-websocket-final,websocket,ref,browser.click:blocked,2001.712,31,172,true
cdb-aligned-websocket-final,websocket,ref,browser.click:blocked,2001.002,31,172,true
cdb-aligned-websocket-final,websocket,ref,browser.click:blocked,2001.847,31,172,true
cdb-aligned-websocket-final,websocket,ref,browser.click:blocked,2001.669,31,172,true
cdb-aligned-websocket-final,websocket,ref,browser.click:blocked,2001.996,31,172,true
cdb-aligned-websocket-final,websocket,ref,browser.click:blocked,2001.776,31,172,true
cdb-aligned-websocket-final,websocket,ref,browser.click:blocked,2002.933,31,172,true
cdb-aligned-websocket-final,websocket,ref,browser.click:blocked,2002.023,31,172,true
cdb-aligned-websocket-final,websocket,ref,browser.click:blocked,2001.039,31,172,true
cdb-aligned-websocket-final,websocket,ref,browser.click:blocked,2000.864,31,172,true
cdb-aligned-websocket-final,websocket,ref,browser.click:blocked,2001.650,31,172,true
cdb-aligned-websocket-final,websocket,ref,browser.click:blocked,2000.767,31,172,true
cdb-aligned-websocket-final,websocket,ref,browser.click:blocked,2002.014,31,172,true
cdb-aligned-websocket-final,websocket,ref,browser.click:blocked,2001.880,31,172,true
cdb-aligned-websocket-final,websocket,ref,browser.click:blocked,2000.563,31,172,true
cdb-aligned-websocket-final,websocket,ref,browser.click:blocked,2000.807,31,172,true
cdb-aligned-websocket-final,websocket,ref,browser.click:blocked,2000.914,31,172,true
cdb-aligned-websocket-final,websocket,ref,browser.click:blocked,2001.849,31,172,true
cdb-aligned-websocket-final,websocket,ref,browser.click:blocked,2001.820,31,172,true
cdb-aligned-websocket-final,websocket,ref,browser.click:blocked,2001.684,31,172,true
cdb-aligned-websocket-final,websocket,ref,browser.click:blocked,2002.417,31,172,true
cdb-aligned-websocket-final,websocket,ref,browser.click:blocked,2001.985,31,172,true
cdb-aligned-websocket-final,websocket,ref,browser.click:blocked,2001.420,31,172,true
cdb-aligned-websocket-final,websocket,ref,browser.click:blocked,2002.013,31,172,true
cdb-aligned-websocket-final,websocket,ref,browser.click:blocked,2001.867,31,172,true
cdb-aligned-websocket-final,websocket,ref,browser.click:blocked,2001.530,31,172,true
cdb-aligned-websocket-final,websocket,ref,browser.click:blocked,2001.457,31,172,true
cdb-aligned-websocket-final,websocket,locator,browser.fill,256.794,118,56,false
cdb-aligned-websocket-final,websocket,locator,browser.click,602.280,97,57,false
cdb-aligned-websocket-final,websocket,locator,browser.snapshot,717.292,18,461,false
cdb-aligned-websocket-final,websocket,locator,browser.batch,1074.523,261,610,false
cdb-aligned-websocket-final,websocket,locator,browser.fill,203.307,118,56,false
cdb-aligned-websocket-final,websocket,locator,browser.click,201.543,97,57,false
cdb-aligned-websocket-final,websocket,locator,browser.snapshot,634.541,18,461,false
cdb-aligned-websocket-final,websocket,locator,browser.batch,893.878,261,610,false
cdb-aligned-websocket-final,websocket,locator,browser.fill,200.952,118,56,false
cdb-aligned-websocket-final,websocket,locator,browser.click,182.223,97,57,false
cdb-aligned-websocket-final,websocket,locator,browser.snapshot,575.174,18,461,false
cdb-aligned-websocket-final,websocket,locator,browser.batch,847.651,261,610,false
cdb-aligned-websocket-final,websocket,locator,browser.fill,188.445,118,56,false
cdb-aligned-websocket-final,websocket,locator,browser.click,170.307,97,57,false
cdb-aligned-websocket-final,websocket,locator,browser.snapshot,591.031,18,461,false
cdb-aligned-websocket-final,websocket,locator,browser.batch,966.351,261,610,false
cdb-aligned-websocket-final,websocket,locator,browser.fill,199.649,118,56,false
cdb-aligned-websocket-final,websocket,locator,browser.click,185.688,97,57,false
cdb-aligned-websocket-final,websocket,locator,browser.snapshot,620.812,18,461,false
cdb-aligned-websocket-final,websocket,locator,browser.batch,921.538,261,610,false
cdb-aligned-websocket-final,websocket,locator,browser.fill,187.456,118,56,false
cdb-aligned-websocket-final,websocket,locator,browser.click,172.897,97,57,false
cdb-aligned-websocket-final,websocket,locator,browser.snapshot,781.027,18,461,false
cdb-aligned-websocket-final,websocket,locator,browser.batch,1270.952,261,610,false
cdb-aligned-websocket-final,websocket,locator,browser.fill,210.310,118,56,false
cdb-aligned-websocket-final,websocket,locator,browser.click,211.076,97,57,false
cdb-aligned-websocket-final,websocket,locator,browser.snapshot,618.221,18,461,false
cdb-aligned-websocket-final,websocket,locator,browser.batch,899.880,261,610,false
cdb-aligned-websocket-final,websocket,locator,browser.fill,192.650,118,56,false
cdb-aligned-websocket-final,websocket,locator,browser.click,175.391,97,57,false
cdb-aligned-websocket-final,websocket,locator,browser.snapshot,595.797,18,461,false
cdb-aligned-websocket-final,websocket,locator,browser.batch,950.270,261,610,false
cdb-aligned-websocket-final,websocket,locator,browser.fill,284.535,118,56,false
cdb-aligned-websocket-final,websocket,locator,browser.click,222.219,97,57,false
cdb-aligned-websocket-final,websocket,locator,browser.snapshot,615.605,18,461,false
cdb-aligned-websocket-final,websocket,locator,browser.batch,934.534,261,610,false
cdb-aligned-websocket-final,websocket,locator,browser.fill,211.998,118,56,false
cdb-aligned-websocket-final,websocket,locator,browser.click,214.718,97,57,false
cdb-aligned-websocket-final,websocket,locator,browser.snapshot,666.219,18,461,false
cdb-aligned-websocket-final,websocket,locator,browser.batch,979.126,261,610,false
cdb-aligned-websocket-final,websocket,locator,browser.fill,184.274,118,56,false
cdb-aligned-websocket-final,websocket,locator,browser.click,189.235,97,57,false
cdb-aligned-websocket-final,websocket,locator,browser.snapshot,709.514,18,461,false
cdb-aligned-websocket-final,websocket,locator,browser.batch,895.532,261,610,false
cdb-aligned-websocket-final,websocket,locator,browser.fill,209.854,118,56,false
cdb-aligned-websocket-final,websocket,locator,browser.click,190.554,97,57,false
cdb-aligned-websocket-final,websocket,locator,browser.snapshot,612.038,18,461,false
cdb-aligned-websocket-final,websocket,locator,browser.batch,885.612,261,610,false
cdb-aligned-websocket-final,websocket,locator,browser.fill,193.010,118,56,false
cdb-aligned-websocket-final,websocket,locator,browser.click,179.371,97,57,false
cdb-aligned-websocket-final,websocket,locator,browser.snapshot,614.251,18,461,false
cdb-aligned-websocket-final,websocket,locator,browser.batch,885.574,261,610,false
cdb-aligned-websocket-final,websocket,locator,browser.fill,207.411,118,56,false
cdb-aligned-websocket-final,websocket,locator,browser.click,240.675,97,57,false
cdb-aligned-websocket-final,websocket,locator,browser.snapshot,649.766,18,461,false
cdb-aligned-websocket-final,websocket,locator,browser.batch,908.012,261,610,false
cdb-aligned-websocket-final,websocket,locator,browser.fill,195.954,118,56,false
cdb-aligned-websocket-final,websocket,locator,browser.click,204.538,97,57,false
cdb-aligned-websocket-final,websocket,locator,browser.snapshot,613.003,18,461,false
cdb-aligned-websocket-final,websocket,locator,browser.batch,878.021,261,610,false
cdb-aligned-websocket-final,websocket,locator,browser.fill,227.191,118,56,false
cdb-aligned-websocket-final,websocket,locator,browser.click,185.537,97,57,false
cdb-aligned-websocket-final,websocket,locator,browser.snapshot,633.970,18,461,false
cdb-aligned-websocket-final,websocket,locator,browser.batch,907.635,261,610,false
cdb-aligned-websocket-final,websocket,locator,browser.fill,205.674,118,56,false
cdb-aligned-websocket-final,websocket,locator,browser.click,194.097,97,57,false
cdb-aligned-websocket-final,websocket,locator,browser.snapshot,592.348,18,461,false
cdb-aligned-websocket-final,websocket,locator,browser.batch,867.610,261,610,false
cdb-aligned-websocket-final,websocket,locator,browser.fill,218.754,118,56,false
cdb-aligned-websocket-final,websocket,locator,browser.click,178.115,97,57,false
cdb-aligned-websocket-final,websocket,locator,browser.snapshot,626.267,18,461,false
cdb-aligned-websocket-final,websocket,locator,browser.batch,868.579,261,610,false
cdb-aligned-websocket-final,websocket,locator,browser.fill,189.357,118,56,false
cdb-aligned-websocket-final,websocket,locator,browser.click,182.839,97,57,false
cdb-aligned-websocket-final,websocket,locator,browser.snapshot,638.431,18,461,false
cdb-aligned-websocket-final,websocket,locator,browser.batch,923.786,261,610,false
cdb-aligned-websocket-final,websocket,locator,browser.fill,199.916,118,56,false
cdb-aligned-websocket-final,websocket,locator,browser.click,181.638,97,57,false
cdb-aligned-websocket-final,websocket,locator,browser.snapshot,614.112,18,461,false
cdb-aligned-websocket-final,websocket,locator,browser.batch,1025.136,261,610,false
cdb-aligned-websocket-final,websocket,locator,browser.fill,197.851,118,56,false
cdb-aligned-websocket-final,websocket,locator,browser.click,180.848,97,57,false
cdb-aligned-websocket-final,websocket,locator,browser.snapshot,623.590,18,461,false
cdb-aligned-websocket-final,websocket,locator,browser.batch,898.218,261,610,false
cdb-aligned-websocket-final,websocket,locator,browser.fill,189.515,118,56,false
cdb-aligned-websocket-final,websocket,locator,browser.click,193.180,97,57,false
cdb-aligned-websocket-final,websocket,locator,browser.snapshot,670.752,18,461,false
cdb-aligned-websocket-final,websocket,locator,browser.batch,1087.348,261,610,false
cdb-aligned-websocket-final,websocket,locator,browser.fill,192.539,118,56,false
cdb-aligned-websocket-final,websocket,locator,browser.click,179.636,97,57,false
cdb-aligned-websocket-final,websocket,locator,browser.snapshot,583.847,18,461,false
cdb-aligned-websocket-final,websocket,locator,browser.batch,893.445,261,610,false
cdb-aligned-websocket-final,websocket,locator,browser.fill,197.718,118,56,false
cdb-aligned-websocket-final,websocket,locator,browser.click,178.522,97,57,false
cdb-aligned-websocket-final,websocket,locator,browser.snapshot,602.867,18,461,false
cdb-aligned-websocket-final,websocket,locator,browser.batch,990.211,261,610,false
cdb-aligned-websocket-final,websocket,locator,browser.fill,201.075,118,56,false
cdb-aligned-websocket-final,websocket,locator,browser.click,178.606,97,57,false
cdb-aligned-websocket-final,websocket,locator,browser.snapshot,612.621,18,461,false
cdb-aligned-websocket-final,websocket,locator,browser.batch,919.138,261,610,false
cdb-aligned-websocket-final,websocket,locator,browser.fill,199.865,118,56,false
cdb-aligned-websocket-final,websocket,locator,browser.click,182.938,97,57,false
cdb-aligned-websocket-final,websocket,locator,browser.snapshot,632.192,18,461,false
cdb-aligned-websocket-final,websocket,locator,browser.batch,922.215,261,610,false
cdb-aligned-websocket-final,websocket,locator,browser.fill,196.468,118,56,false
cdb-aligned-websocket-final,websocket,locator,browser.click,186.570,97,57,false
cdb-aligned-websocket-final,websocket,locator,browser.snapshot,577.686,18,461,false
cdb-aligned-websocket-final,websocket,locator,browser.batch,873.323,261,610,false
cdb-aligned-websocket-final,websocket,locator,browser.fill,190.303,118,56,false
cdb-aligned-websocket-final,websocket,locator,browser.click,176.376,97,57,false
cdb-aligned-websocket-final,websocket,locator,browser.snapshot,594.695,18,461,false
cdb-aligned-websocket-final,websocket,locator,browser.batch,917.169,261,610,false
cdb-aligned-websocket-final,websocket,locator,browser.fill,195.796,118,56,false
cdb-aligned-websocket-final,websocket,locator,browser.click,171.049,97,57,false
cdb-aligned-websocket-final,websocket,locator,browser.snapshot,624.176,18,461,false
cdb-aligned-websocket-final,websocket,locator,browser.batch,928.746,261,610,false
cdb-aligned-websocket-final,websocket,locator,browser.fill,186.579,118,56,false
cdb-aligned-websocket-final,websocket,locator,browser.click,179.168,97,57,false
cdb-aligned-websocket-final,websocket,locator,browser.snapshot,594.746,18,461,false
cdb-aligned-websocket-final,websocket,locator,browser.batch,920.616,261,610,false
cdb-aligned-websocket-final,websocket,locator,browser.click:blocked,2001.022,97,172,true
cdb-aligned-websocket-final,websocket,locator,browser.click:blocked,2010.702,97,172,true
cdb-aligned-websocket-final,websocket,locator,browser.click:blocked,2015.405,97,172,true
cdb-aligned-websocket-final,websocket,locator,browser.click:blocked,2034.893,97,172,true
cdb-aligned-websocket-final,websocket,locator,browser.click:blocked,2002.248,97,172,true
cdb-aligned-websocket-final,websocket,locator,browser.click:blocked,2008.607,97,172,true
cdb-aligned-websocket-final,websocket,locator,browser.click:blocked,2001.469,97,172,true
cdb-aligned-websocket-final,websocket,locator,browser.click:blocked,2000.179,97,172,true
cdb-aligned-websocket-final,websocket,locator,browser.click:blocked,2001.383,97,172,true
cdb-aligned-websocket-final,websocket,locator,browser.click:blocked,2001.007,97,172,true
cdb-aligned-websocket-final,websocket,locator,browser.click:blocked,2000.695,97,172,true
cdb-aligned-websocket-final,websocket,locator,browser.click:blocked,2001.795,97,172,true
cdb-aligned-websocket-final,websocket,locator,browser.click:blocked,2000.216,97,172,true
cdb-aligned-websocket-final,websocket,locator,browser.click:blocked,2001.291,97,172,true
cdb-aligned-websocket-final,websocket,locator,browser.click:blocked,2000.902,97,172,true
cdb-aligned-websocket-final,websocket,locator,browser.click:blocked,2001.941,97,172,true
cdb-aligned-websocket-final,websocket,locator,browser.click:blocked,2001.171,97,172,true
cdb-aligned-websocket-final,websocket,locator,browser.click:blocked,2000.859,97,172,true
cdb-aligned-websocket-final,websocket,locator,browser.click:blocked,2000.161,97,172,true
cdb-aligned-websocket-final,websocket,locator,browser.click:blocked,2002.201,97,172,true
cdb-aligned-websocket-final,websocket,locator,browser.click:blocked,2001.783,97,172,true
cdb-aligned-websocket-final,websocket,locator,browser.click:blocked,2019.602,97,172,true
cdb-aligned-websocket-final,websocket,locator,browser.click:blocked,2007.508,97,172,true
cdb-aligned-websocket-final,websocket,locator,browser.click:blocked,2000.628,97,172,true
cdb-aligned-websocket-final,websocket,locator,browser.click:blocked,2001.322,97,172,true
cdb-aligned-websocket-final,websocket,locator,browser.click:blocked,2002.131,97,172,true
cdb-aligned-websocket-final,websocket,locator,browser.click:blocked,2001.335,97,172,true
cdb-aligned-websocket-final,websocket,locator,browser.click:blocked,2000.018,97,172,true
cdb-aligned-websocket-final,websocket,locator,browser.click:blocked,2000.776,97,172,true
cdb-aligned-websocket-final,websocket,locator,browser.click:blocked,2001.525,97,172,true
cdb-aligned-devframe-final,devframe,ref,browser.fill,88.018,55,56,false
cdb-aligned-devframe-final,devframe,ref,browser.click,82.298,30,57,false
cdb-aligned-devframe-final,devframe,ref,browser.snapshot,603.242,18,456,false
cdb-aligned-devframe-final,devframe,ref,browser.batch,731.865,131,605,false
cdb-aligned-devframe-final,devframe,ref,browser.fill,96.004,55,56,false
cdb-aligned-devframe-final,devframe,ref,browser.click,83.228,30,57,false
cdb-aligned-devframe-final,devframe,ref,browser.snapshot,572.510,18,456,false
cdb-aligned-devframe-final,devframe,ref,browser.batch,745.158,131,605,false
cdb-aligned-devframe-final,devframe,ref,browser.fill,96.372,55,56,false
cdb-aligned-devframe-final,devframe,ref,browser.click,85.345,30,57,false
cdb-aligned-devframe-final,devframe,ref,browser.snapshot,601.268,18,456,false
cdb-aligned-devframe-final,devframe,ref,browser.batch,718.126,131,605,false
cdb-aligned-devframe-final,devframe,ref,browser.fill,86.163,55,56,false
cdb-aligned-devframe-final,devframe,ref,browser.click,84.152,30,57,false
cdb-aligned-devframe-final,devframe,ref,browser.snapshot,590.813,18,456,false
cdb-aligned-devframe-final,devframe,ref,browser.batch,717.286,131,605,false
cdb-aligned-devframe-final,devframe,ref,browser.fill,89.482,55,56,false
cdb-aligned-devframe-final,devframe,ref,browser.click,84.672,30,57,false
cdb-aligned-devframe-final,devframe,ref,browser.snapshot,605.309,18,457,false
cdb-aligned-devframe-final,devframe,ref,browser.batch,758.002,132,610,false
cdb-aligned-devframe-final,devframe,ref,browser.fill,94.520,56,56,false
cdb-aligned-devframe-final,devframe,ref,browser.click,89.802,31,57,false
cdb-aligned-devframe-final,devframe,ref,browser.snapshot,653.743,18,461,false
cdb-aligned-devframe-final,devframe,ref,browser.batch,712.995,133,610,false
cdb-aligned-devframe-final,devframe,ref,browser.fill,94.071,56,56,false
cdb-aligned-devframe-final,devframe,ref,browser.click,87.562,31,57,false
cdb-aligned-devframe-final,devframe,ref,browser.snapshot,722.050,18,461,false
cdb-aligned-devframe-final,devframe,ref,browser.batch,744.758,133,610,false
cdb-aligned-devframe-final,devframe,ref,browser.fill,94.699,56,56,false
cdb-aligned-devframe-final,devframe,ref,browser.click,82.504,31,57,false
cdb-aligned-devframe-final,devframe,ref,browser.snapshot,634.316,18,461,false
cdb-aligned-devframe-final,devframe,ref,browser.batch,724.557,133,610,false
cdb-aligned-devframe-final,devframe,ref,browser.fill,135.901,56,56,false
cdb-aligned-devframe-final,devframe,ref,browser.click,104.579,31,57,false
cdb-aligned-devframe-final,devframe,ref,browser.snapshot,648.629,18,461,false
cdb-aligned-devframe-final,devframe,ref,browser.batch,842.125,133,610,false
cdb-aligned-devframe-final,devframe,ref,browser.fill,94.424,56,56,false
cdb-aligned-devframe-final,devframe,ref,browser.click,86.297,31,57,false
cdb-aligned-devframe-final,devframe,ref,browser.snapshot,696.299,18,461,false
cdb-aligned-devframe-final,devframe,ref,browser.batch,742.042,133,610,false
cdb-aligned-devframe-final,devframe,ref,browser.fill,95.025,56,56,false
cdb-aligned-devframe-final,devframe,ref,browser.click,84.823,31,57,false
cdb-aligned-devframe-final,devframe,ref,browser.snapshot,605.350,18,461,false
cdb-aligned-devframe-final,devframe,ref,browser.batch,726.580,133,610,false
cdb-aligned-devframe-final,devframe,ref,browser.fill,86.780,56,56,false
cdb-aligned-devframe-final,devframe,ref,browser.click,83.910,31,57,false
cdb-aligned-devframe-final,devframe,ref,browser.snapshot,609.939,18,461,false
cdb-aligned-devframe-final,devframe,ref,browser.batch,840.831,133,610,false
cdb-aligned-devframe-final,devframe,ref,browser.fill,90.771,56,56,false
cdb-aligned-devframe-final,devframe,ref,browser.click,100.282,31,57,false
cdb-aligned-devframe-final,devframe,ref,browser.snapshot,614.312,18,461,false
cdb-aligned-devframe-final,devframe,ref,browser.batch,727.900,133,610,false
cdb-aligned-devframe-final,devframe,ref,browser.fill,96.800,56,56,false
cdb-aligned-devframe-final,devframe,ref,browser.click,83.378,31,57,false
cdb-aligned-devframe-final,devframe,ref,browser.snapshot,614.054,18,461,false
cdb-aligned-devframe-final,devframe,ref,browser.batch,750.327,133,610,false
cdb-aligned-devframe-final,devframe,ref,browser.fill,95.509,56,56,false
cdb-aligned-devframe-final,devframe,ref,browser.click,83.715,31,57,false
cdb-aligned-devframe-final,devframe,ref,browser.snapshot,645.982,18,461,false
cdb-aligned-devframe-final,devframe,ref,browser.batch,805.162,133,610,false
cdb-aligned-devframe-final,devframe,ref,browser.fill,100.283,56,56,false
cdb-aligned-devframe-final,devframe,ref,browser.click,93.447,31,57,false
cdb-aligned-devframe-final,devframe,ref,browser.snapshot,637.871,18,461,false
cdb-aligned-devframe-final,devframe,ref,browser.batch,766.388,133,610,false
cdb-aligned-devframe-final,devframe,ref,browser.fill,94.958,56,56,false
cdb-aligned-devframe-final,devframe,ref,browser.click,99.695,31,57,false
cdb-aligned-devframe-final,devframe,ref,browser.snapshot,669.262,18,461,false
cdb-aligned-devframe-final,devframe,ref,browser.batch,761.252,133,610,false
cdb-aligned-devframe-final,devframe,ref,browser.fill,94.869,56,56,false
cdb-aligned-devframe-final,devframe,ref,browser.click,83.617,31,57,false
cdb-aligned-devframe-final,devframe,ref,browser.snapshot,583.434,18,461,false
cdb-aligned-devframe-final,devframe,ref,browser.batch,792.972,133,610,false
cdb-aligned-devframe-final,devframe,ref,browser.fill,92.929,56,56,false
cdb-aligned-devframe-final,devframe,ref,browser.click,82.606,31,57,false
cdb-aligned-devframe-final,devframe,ref,browser.snapshot,595.436,18,461,false
cdb-aligned-devframe-final,devframe,ref,browser.batch,716.975,133,610,false
cdb-aligned-devframe-final,devframe,ref,browser.fill,87.617,56,56,false
cdb-aligned-devframe-final,devframe,ref,browser.click,79.033,31,57,false
cdb-aligned-devframe-final,devframe,ref,browser.snapshot,599.608,18,461,false
cdb-aligned-devframe-final,devframe,ref,browser.batch,719.685,133,610,false
cdb-aligned-devframe-final,devframe,ref,browser.fill,94.224,56,56,false
cdb-aligned-devframe-final,devframe,ref,browser.click,87.863,31,57,false
cdb-aligned-devframe-final,devframe,ref,browser.snapshot,585.709,18,461,false
cdb-aligned-devframe-final,devframe,ref,browser.batch,778.706,133,610,false
cdb-aligned-devframe-final,devframe,ref,browser.fill,100.268,56,56,false
cdb-aligned-devframe-final,devframe,ref,browser.click,99.297,31,57,false
cdb-aligned-devframe-final,devframe,ref,browser.snapshot,584.344,18,461,false
cdb-aligned-devframe-final,devframe,ref,browser.batch,786.607,133,610,false
cdb-aligned-devframe-final,devframe,ref,browser.fill,91.816,56,56,false
cdb-aligned-devframe-final,devframe,ref,browser.click,123.683,31,57,false
cdb-aligned-devframe-final,devframe,ref,browser.snapshot,721.600,18,461,false
cdb-aligned-devframe-final,devframe,ref,browser.batch,753.618,133,610,false
cdb-aligned-devframe-final,devframe,ref,browser.fill,95.610,56,56,false
cdb-aligned-devframe-final,devframe,ref,browser.click,86.497,31,57,false
cdb-aligned-devframe-final,devframe,ref,browser.snapshot,600.570,18,461,false
cdb-aligned-devframe-final,devframe,ref,browser.batch,729.854,133,610,false
cdb-aligned-devframe-final,devframe,ref,browser.fill,91.808,56,56,false
cdb-aligned-devframe-final,devframe,ref,browser.click,84.225,31,57,false
cdb-aligned-devframe-final,devframe,ref,browser.snapshot,637.709,18,461,false
cdb-aligned-devframe-final,devframe,ref,browser.batch,809.601,133,610,false
cdb-aligned-devframe-final,devframe,ref,browser.fill,99.468,56,56,false
cdb-aligned-devframe-final,devframe,ref,browser.click,86.270,31,57,false
cdb-aligned-devframe-final,devframe,ref,browser.snapshot,574.601,18,461,false
cdb-aligned-devframe-final,devframe,ref,browser.batch,788.271,133,610,false
cdb-aligned-devframe-final,devframe,ref,browser.fill,94.330,56,56,false
cdb-aligned-devframe-final,devframe,ref,browser.click,87.336,31,57,false
cdb-aligned-devframe-final,devframe,ref,browser.snapshot,569.574,18,461,false
cdb-aligned-devframe-final,devframe,ref,browser.batch,728.545,133,610,false
cdb-aligned-devframe-final,devframe,ref,browser.fill,91.929,56,56,false
cdb-aligned-devframe-final,devframe,ref,browser.click,83.765,31,57,false
cdb-aligned-devframe-final,devframe,ref,browser.snapshot,580.447,18,461,false
cdb-aligned-devframe-final,devframe,ref,browser.batch,708.669,133,610,false
cdb-aligned-devframe-final,devframe,ref,browser.fill,89.274,56,56,false
cdb-aligned-devframe-final,devframe,ref,browser.click,83.036,31,57,false
cdb-aligned-devframe-final,devframe,ref,browser.snapshot,602.801,18,461,false
cdb-aligned-devframe-final,devframe,ref,browser.batch,738.504,133,610,false
cdb-aligned-devframe-final,devframe,ref,browser.fill,91.906,56,56,false
cdb-aligned-devframe-final,devframe,ref,browser.click,91.025,31,57,false
cdb-aligned-devframe-final,devframe,ref,browser.snapshot,607.479,18,461,false
cdb-aligned-devframe-final,devframe,ref,browser.batch,809.914,133,610,false
cdb-aligned-devframe-final,devframe,ref,browser.click:blocked,2004.977,31,197,true
cdb-aligned-devframe-final,devframe,ref,browser.click:blocked,2003.364,31,197,true
cdb-aligned-devframe-final,devframe,ref,browser.click:blocked,2002.574,31,197,true
cdb-aligned-devframe-final,devframe,ref,browser.click:blocked,2001.980,31,197,true
cdb-aligned-devframe-final,devframe,ref,browser.click:blocked,2001.241,31,197,true
cdb-aligned-devframe-final,devframe,ref,browser.click:blocked,2004.907,31,197,true
cdb-aligned-devframe-final,devframe,ref,browser.click:blocked,2035.897,31,197,true
cdb-aligned-devframe-final,devframe,ref,browser.click:blocked,2003.762,31,197,true
cdb-aligned-devframe-final,devframe,ref,browser.click:blocked,2003.521,31,197,true
cdb-aligned-devframe-final,devframe,ref,browser.click:blocked,2002.160,31,197,true
cdb-aligned-devframe-final,devframe,ref,browser.click:blocked,2004.448,31,197,true
cdb-aligned-devframe-final,devframe,ref,browser.click:blocked,2001.832,31,197,true
cdb-aligned-devframe-final,devframe,ref,browser.click:blocked,2006.704,31,197,true
cdb-aligned-devframe-final,devframe,ref,browser.click:blocked,2005.048,31,197,true
cdb-aligned-devframe-final,devframe,ref,browser.click:blocked,2004.385,31,197,true
cdb-aligned-devframe-final,devframe,ref,browser.click:blocked,2005.645,31,197,true
cdb-aligned-devframe-final,devframe,ref,browser.click:blocked,2003.371,31,197,true
cdb-aligned-devframe-final,devframe,ref,browser.click:blocked,2002.687,31,197,true
cdb-aligned-devframe-final,devframe,ref,browser.click:blocked,2002.376,31,197,true
cdb-aligned-devframe-final,devframe,ref,browser.click:blocked,2002.315,31,197,true
cdb-aligned-devframe-final,devframe,ref,browser.click:blocked,2004.631,31,197,true
cdb-aligned-devframe-final,devframe,ref,browser.click:blocked,2002.205,31,197,true
cdb-aligned-devframe-final,devframe,ref,browser.click:blocked,2007.229,31,197,true
cdb-aligned-devframe-final,devframe,ref,browser.click:blocked,2001.779,31,197,true
cdb-aligned-devframe-final,devframe,ref,browser.click:blocked,2005.731,31,197,true
cdb-aligned-devframe-final,devframe,ref,browser.click:blocked,2001.764,31,197,true
cdb-aligned-devframe-final,devframe,ref,browser.click:blocked,2002.831,31,197,true
cdb-aligned-devframe-final,devframe,ref,browser.click:blocked,2003.137,31,197,true
cdb-aligned-devframe-final,devframe,ref,browser.click:blocked,2006.857,31,197,true
cdb-aligned-devframe-final,devframe,ref,browser.click:blocked,2004.026,31,197,true
cdb-aligned-devframe-final,devframe,locator,browser.fill,326.028,118,56,false
cdb-aligned-devframe-final,devframe,locator,browser.click,269.845,97,57,false
cdb-aligned-devframe-final,devframe,locator,browser.snapshot,737.313,18,461,false
cdb-aligned-devframe-final,devframe,locator,browser.batch,1134.772,261,610,false
cdb-aligned-devframe-final,devframe,locator,browser.fill,459.162,118,56,false
cdb-aligned-devframe-final,devframe,locator,browser.click,522.173,97,57,false
cdb-aligned-devframe-final,devframe,locator,browser.snapshot,704.864,18,461,false
cdb-aligned-devframe-final,devframe,locator,browser.batch,1270.937,261,610,false
cdb-aligned-devframe-final,devframe,locator,browser.fill,304.845,118,56,false
cdb-aligned-devframe-final,devframe,locator,browser.click,839.432,97,57,false
cdb-aligned-devframe-final,devframe,locator,browser.snapshot,663.875,18,461,false
cdb-aligned-devframe-final,devframe,locator,browser.batch,1075.940,261,610,false
cdb-aligned-devframe-final,devframe,locator,browser.fill,453.844,118,56,false
cdb-aligned-devframe-final,devframe,locator,browser.click,357.202,97,57,false
cdb-aligned-devframe-final,devframe,locator,browser.snapshot,596.851,18,461,false
cdb-aligned-devframe-final,devframe,locator,browser.batch,1362.910,261,610,false
cdb-aligned-devframe-final,devframe,locator,browser.fill,321.378,118,56,false
cdb-aligned-devframe-final,devframe,locator,browser.click,315.966,97,57,false
cdb-aligned-devframe-final,devframe,locator,browser.snapshot,598.542,18,461,false
cdb-aligned-devframe-final,devframe,locator,browser.batch,1246.113,261,610,false
cdb-aligned-devframe-final,devframe,locator,browser.fill,286.183,118,56,false
cdb-aligned-devframe-final,devframe,locator,browser.click,318.662,97,57,false
cdb-aligned-devframe-final,devframe,locator,browser.snapshot,647.900,18,461,false
cdb-aligned-devframe-final,devframe,locator,browser.batch,1334.540,261,610,false
cdb-aligned-devframe-final,devframe,locator,browser.fill,420.563,118,56,false
cdb-aligned-devframe-final,devframe,locator,browser.click,367.449,97,57,false
cdb-aligned-devframe-final,devframe,locator,browser.snapshot,848.921,18,461,false
cdb-aligned-devframe-final,devframe,locator,browser.batch,1292.561,261,610,false
cdb-aligned-devframe-final,devframe,locator,browser.fill,338.127,118,56,false
cdb-aligned-devframe-final,devframe,locator,browser.click,320.017,97,57,false
cdb-aligned-devframe-final,devframe,locator,browser.snapshot,621.152,18,461,false
cdb-aligned-devframe-final,devframe,locator,browser.batch,1187.023,261,610,false
cdb-aligned-devframe-final,devframe,locator,browser.fill,310.342,118,56,false
cdb-aligned-devframe-final,devframe,locator,browser.click,248.405,97,57,false
cdb-aligned-devframe-final,devframe,locator,browser.snapshot,777.826,18,461,false
cdb-aligned-devframe-final,devframe,locator,browser.batch,1113.329,261,610,false
cdb-aligned-devframe-final,devframe,locator,browser.fill,286.460,118,56,false
cdb-aligned-devframe-final,devframe,locator,browser.click,391.620,97,57,false
cdb-aligned-devframe-final,devframe,locator,browser.snapshot,916.579,18,461,false
cdb-aligned-devframe-final,devframe,locator,browser.batch,1033.854,261,610,false
cdb-aligned-devframe-final,devframe,locator,browser.fill,325.078,118,56,false
cdb-aligned-devframe-final,devframe,locator,browser.click,325.236,97,57,false
cdb-aligned-devframe-final,devframe,locator,browser.snapshot,746.520,18,461,false
cdb-aligned-devframe-final,devframe,locator,browser.batch,1509.607,261,610,false
cdb-aligned-devframe-final,devframe,locator,browser.fill,320.006,118,56,false
cdb-aligned-devframe-final,devframe,locator,browser.click,266.932,97,57,false
cdb-aligned-devframe-final,devframe,locator,browser.snapshot,633.822,18,461,false
cdb-aligned-devframe-final,devframe,locator,browser.batch,1121.278,261,610,false
cdb-aligned-devframe-final,devframe,locator,browser.fill,301.773,118,56,false
cdb-aligned-devframe-final,devframe,locator,browser.click,287.714,97,57,false
cdb-aligned-devframe-final,devframe,locator,browser.snapshot,663.195,18,461,false
cdb-aligned-devframe-final,devframe,locator,browser.batch,1008.390,261,610,false
cdb-aligned-devframe-final,devframe,locator,browser.fill,266.984,118,56,false
cdb-aligned-devframe-final,devframe,locator,browser.click,260.587,97,57,false
cdb-aligned-devframe-final,devframe,locator,browser.snapshot,717.765,18,461,false
cdb-aligned-devframe-final,devframe,locator,browser.batch,983.019,261,610,false
cdb-aligned-devframe-final,devframe,locator,browser.fill,247.999,118,56,false
cdb-aligned-devframe-final,devframe,locator,browser.click,310.843,97,57,false
cdb-aligned-devframe-final,devframe,locator,browser.snapshot,603.090,18,461,false
cdb-aligned-devframe-final,devframe,locator,browser.batch,1096.830,261,610,false
cdb-aligned-devframe-final,devframe,locator,browser.fill,255.051,118,56,false
cdb-aligned-devframe-final,devframe,locator,browser.click,274.290,97,57,false
cdb-aligned-devframe-final,devframe,locator,browser.snapshot,628.900,18,461,false
cdb-aligned-devframe-final,devframe,locator,browser.batch,1045.957,261,610,false
cdb-aligned-devframe-final,devframe,locator,browser.fill,258.932,118,56,false
cdb-aligned-devframe-final,devframe,locator,browser.click,247.100,97,57,false
cdb-aligned-devframe-final,devframe,locator,browser.snapshot,593.495,18,461,false
cdb-aligned-devframe-final,devframe,locator,browser.batch,1195.198,261,610,false
cdb-aligned-devframe-final,devframe,locator,browser.fill,363.917,118,56,false
cdb-aligned-devframe-final,devframe,locator,browser.click,364.284,97,57,false
cdb-aligned-devframe-final,devframe,locator,browser.snapshot,667.268,18,461,false
cdb-aligned-devframe-final,devframe,locator,browser.batch,1173.217,261,610,false
cdb-aligned-devframe-final,devframe,locator,browser.fill,390.237,118,56,false
cdb-aligned-devframe-final,devframe,locator,browser.click,317.914,97,57,false
cdb-aligned-devframe-final,devframe,locator,browser.snapshot,598.087,18,461,false
cdb-aligned-devframe-final,devframe,locator,browser.batch,1246.020,261,610,false
cdb-aligned-devframe-final,devframe,locator,browser.fill,359.646,118,56,false
cdb-aligned-devframe-final,devframe,locator,browser.click,341.275,97,57,false
cdb-aligned-devframe-final,devframe,locator,browser.snapshot,630.758,18,461,false
cdb-aligned-devframe-final,devframe,locator,browser.batch,1116.495,261,610,false
cdb-aligned-devframe-final,devframe,locator,browser.fill,319.452,118,56,false
cdb-aligned-devframe-final,devframe,locator,browser.click,388.269,97,57,false
cdb-aligned-devframe-final,devframe,locator,browser.snapshot,614.624,18,461,false
cdb-aligned-devframe-final,devframe,locator,browser.batch,1153.822,261,610,false
cdb-aligned-devframe-final,devframe,locator,browser.fill,275.739,118,56,false
cdb-aligned-devframe-final,devframe,locator,browser.click,284.748,97,57,false
cdb-aligned-devframe-final,devframe,locator,browser.snapshot,601.509,18,461,false
cdb-aligned-devframe-final,devframe,locator,browser.batch,1105.548,261,610,false
cdb-aligned-devframe-final,devframe,locator,browser.fill,339.995,118,56,false
cdb-aligned-devframe-final,devframe,locator,browser.click,293.390,97,57,false
cdb-aligned-devframe-final,devframe,locator,browser.snapshot,583.573,18,461,false
cdb-aligned-devframe-final,devframe,locator,browser.batch,1407.198,261,610,false
cdb-aligned-devframe-final,devframe,locator,browser.fill,324.645,118,56,false
cdb-aligned-devframe-final,devframe,locator,browser.click,332.169,97,57,false
cdb-aligned-devframe-final,devframe,locator,browser.snapshot,601.874,18,461,false
cdb-aligned-devframe-final,devframe,locator,browser.batch,1076.067,261,610,false
cdb-aligned-devframe-final,devframe,locator,browser.fill,298.937,118,56,false
cdb-aligned-devframe-final,devframe,locator,browser.click,279.638,97,57,false
cdb-aligned-devframe-final,devframe,locator,browser.snapshot,634.963,18,461,false
cdb-aligned-devframe-final,devframe,locator,browser.batch,1123.801,261,610,false
cdb-aligned-devframe-final,devframe,locator,browser.fill,335.841,118,56,false
cdb-aligned-devframe-final,devframe,locator,browser.click,288.333,97,57,false
cdb-aligned-devframe-final,devframe,locator,browser.snapshot,716.417,18,461,false
cdb-aligned-devframe-final,devframe,locator,browser.batch,1298.758,261,610,false
cdb-aligned-devframe-final,devframe,locator,browser.fill,340.047,118,56,false
cdb-aligned-devframe-final,devframe,locator,browser.click,284.323,97,57,false
cdb-aligned-devframe-final,devframe,locator,browser.snapshot,685.227,18,461,false
cdb-aligned-devframe-final,devframe,locator,browser.batch,1174.204,261,610,false
cdb-aligned-devframe-final,devframe,locator,browser.fill,313.723,118,56,false
cdb-aligned-devframe-final,devframe,locator,browser.click,413.386,97,57,false
cdb-aligned-devframe-final,devframe,locator,browser.snapshot,621.537,18,461,false
cdb-aligned-devframe-final,devframe,locator,browser.batch,1193.260,261,610,false
cdb-aligned-devframe-final,devframe,locator,browser.fill,341.308,118,56,false
cdb-aligned-devframe-final,devframe,locator,browser.click,341.048,97,57,false
cdb-aligned-devframe-final,devframe,locator,browser.snapshot,646.385,18,461,false
cdb-aligned-devframe-final,devframe,locator,browser.batch,1200.274,261,610,false
cdb-aligned-devframe-final,devframe,locator,browser.fill,435.978,118,56,false
cdb-aligned-devframe-final,devframe,locator,browser.click,305.365,97,57,false
cdb-aligned-devframe-final,devframe,locator,browser.snapshot,675.460,18,461,false
cdb-aligned-devframe-final,devframe,locator,browser.batch,1146.640,261,610,false
cdb-aligned-devframe-final,devframe,locator,browser.click:blocked,2001.521,97,197,true
cdb-aligned-devframe-final,devframe,locator,browser.click:blocked,2000.465,97,197,true
cdb-aligned-devframe-final,devframe,locator,browser.click:blocked,2003.136,97,197,true
cdb-aligned-devframe-final,devframe,locator,browser.click:blocked,2001.352,97,197,true
cdb-aligned-devframe-final,devframe,locator,browser.click:blocked,2013.479,97,197,true
cdb-aligned-devframe-final,devframe,locator,browser.click:blocked,2002.140,97,197,true
cdb-aligned-devframe-final,devframe,locator,browser.click:blocked,2001.411,97,197,true
cdb-aligned-devframe-final,devframe,locator,browser.click:blocked,2001.020,97,197,true
cdb-aligned-devframe-final,devframe,locator,browser.click:blocked,2001.642,97,197,true
cdb-aligned-devframe-final,devframe,locator,browser.click:blocked,2000.741,97,197,true
cdb-aligned-devframe-final,devframe,locator,browser.click:blocked,2002.094,97,197,true
cdb-aligned-devframe-final,devframe,locator,browser.click:blocked,2002.356,97,197,true
cdb-aligned-devframe-final,devframe,locator,browser.click:blocked,2007.245,97,197,true
cdb-aligned-devframe-final,devframe,locator,browser.click:blocked,2001.516,97,197,true
cdb-aligned-devframe-final,devframe,locator,browser.click:blocked,2001.842,97,197,true
cdb-aligned-devframe-final,devframe,locator,browser.click:blocked,2001.987,97,197,true
cdb-aligned-devframe-final,devframe,locator,browser.click:blocked,2001.793,97,197,true
cdb-aligned-devframe-final,devframe,locator,browser.click:blocked,2002.590,97,197,true
cdb-aligned-devframe-final,devframe,locator,browser.click:blocked,2160.022,97,197,true
cdb-aligned-devframe-final,devframe,locator,browser.click:blocked,2002.763,97,197,true
cdb-aligned-devframe-final,devframe,locator,browser.click:blocked,2001.481,97,197,true
cdb-aligned-devframe-final,devframe,locator,browser.click:blocked,2038.299,97,197,true
cdb-aligned-devframe-final,devframe,locator,browser.click:blocked,2000.835,97,197,true
cdb-aligned-devframe-final,devframe,locator,browser.click:blocked,2001.782,97,197,true
cdb-aligned-devframe-final,devframe,locator,browser.click:blocked,2001.691,97,197,true
cdb-aligned-devframe-final,devframe,locator,browser.click:blocked,2063.094,97,197,true
cdb-aligned-devframe-final,devframe,locator,browser.click:blocked,2001.165,97,197,true
cdb-aligned-devframe-final,devframe,locator,browser.click:blocked,2002.930,97,197,true
cdb-aligned-devframe-final,devframe,locator,browser.click:blocked,2001.441,97,197,true
cdb-aligned-devframe-final,devframe,locator,browser.click:blocked,2001.192,97,197,true
cdb-aligned-websocket-parallel,websocket,ref,browser.fill,110.349,55,56,false
cdb-aligned-websocket-parallel,websocket,ref,browser.click,164.319,30,57,false
cdb-aligned-websocket-parallel,websocket,ref,browser.snapshot,693.576,18,456,false
cdb-aligned-websocket-parallel,websocket,ref,browser.batch,1049.033,131,605,false
cdb-aligned-websocket-parallel,websocket,ref,browser.fill,126.469,55,56,false
cdb-aligned-websocket-parallel,websocket,ref,browser.click,122.989,30,57,false
cdb-aligned-websocket-parallel,websocket,ref,browser.snapshot,712.034,18,456,false
cdb-aligned-websocket-parallel,websocket,ref,browser.batch,857.539,131,605,false
cdb-aligned-websocket-parallel,websocket,ref,browser.fill,108.178,55,56,false
cdb-aligned-websocket-parallel,websocket,ref,browser.click,123.634,30,57,false
cdb-aligned-websocket-parallel,websocket,ref,browser.snapshot,738.403,18,456,false
cdb-aligned-websocket-parallel,websocket,ref,browser.batch,881.006,131,605,false
cdb-aligned-websocket-parallel,websocket,ref,browser.fill,131.101,55,56,false
cdb-aligned-websocket-parallel,websocket,ref,browser.click,116.807,30,57,false
cdb-aligned-websocket-parallel,websocket,ref,browser.snapshot,689.484,18,456,false
cdb-aligned-websocket-parallel,websocket,ref,browser.batch,939.188,131,605,false
cdb-aligned-websocket-parallel,websocket,ref,browser.fill,207.175,55,56,false
cdb-aligned-websocket-parallel,websocket,ref,browser.click,181.065,30,57,false
cdb-aligned-websocket-parallel,websocket,ref,browser.snapshot,787.925,18,457,false
cdb-aligned-websocket-parallel,websocket,ref,browser.batch,1008.126,132,610,false
cdb-aligned-websocket-parallel,websocket,ref,browser.fill,119.565,56,56,false
cdb-aligned-websocket-parallel,websocket,ref,browser.click,99.139,31,57,false
cdb-aligned-websocket-parallel,websocket,ref,browser.snapshot,607.530,18,461,false
cdb-aligned-websocket-parallel,websocket,ref,browser.batch,973.006,133,610,false
cdb-aligned-websocket-parallel,websocket,ref,browser.fill,137.401,56,56,false
cdb-aligned-websocket-parallel,websocket,ref,browser.click,99.396,31,57,false
cdb-aligned-websocket-parallel,websocket,ref,browser.snapshot,637.585,18,461,false
cdb-aligned-websocket-parallel,websocket,ref,browser.batch,1044.072,133,610,false
cdb-aligned-websocket-parallel,websocket,ref,browser.fill,110.177,56,56,false
cdb-aligned-websocket-parallel,websocket,ref,browser.click,133.755,31,57,false
cdb-aligned-websocket-parallel,websocket,ref,browser.snapshot,786.440,18,461,false
cdb-aligned-websocket-parallel,websocket,ref,browser.batch,1079.344,133,610,false
cdb-aligned-websocket-parallel,websocket,ref,browser.fill,111.786,56,56,false
cdb-aligned-websocket-parallel,websocket,ref,browser.click,93.484,31,57,false
cdb-aligned-websocket-parallel,websocket,ref,browser.snapshot,766.016,18,461,false
cdb-aligned-websocket-parallel,websocket,ref,browser.batch,1177.653,133,610,false
cdb-aligned-websocket-parallel,websocket,ref,browser.fill,135.028,56,56,false
cdb-aligned-websocket-parallel,websocket,ref,browser.click,92.730,31,57,false
cdb-aligned-websocket-parallel,websocket,ref,browser.snapshot,951.966,18,461,false
cdb-aligned-websocket-parallel,websocket,ref,browser.batch,990.045,133,610,false
cdb-aligned-websocket-parallel,websocket,ref,browser.fill,103.306,56,56,false
cdb-aligned-websocket-parallel,websocket,ref,browser.click,99.970,31,57,false
cdb-aligned-websocket-parallel,websocket,ref,browser.snapshot,829.333,18,461,false
cdb-aligned-websocket-parallel,websocket,ref,browser.batch,1041.501,133,610,false
cdb-aligned-websocket-parallel,websocket,ref,browser.fill,113.457,56,56,false
cdb-aligned-websocket-parallel,websocket,ref,browser.click,102.575,31,57,false
cdb-aligned-websocket-parallel,websocket,ref,browser.snapshot,972.310,18,461,false
cdb-aligned-websocket-parallel,websocket,ref,browser.batch,1142.404,133,610,false
cdb-aligned-websocket-parallel,websocket,ref,browser.fill,110.661,56,56,false
cdb-aligned-websocket-parallel,websocket,ref,browser.click,100.616,31,57,false
cdb-aligned-websocket-parallel,websocket,ref,browser.snapshot,1019.410,18,461,false
cdb-aligned-websocket-parallel,websocket,ref,browser.batch,1057.046,133,610,false
cdb-aligned-websocket-parallel,websocket,ref,browser.fill,121.422,56,56,false
cdb-aligned-websocket-parallel,websocket,ref,browser.click,111.216,31,57,false
cdb-aligned-websocket-parallel,websocket,ref,browser.snapshot,1035.068,18,461,false
cdb-aligned-websocket-parallel,websocket,ref,browser.batch,1820.802,133,610,false
cdb-aligned-websocket-parallel,websocket,ref,browser.fill,116.403,56,56,false
cdb-aligned-websocket-parallel,websocket,ref,browser.click,118.669,31,57,false
cdb-aligned-websocket-parallel,websocket,ref,browser.snapshot,946.644,18,461,false
cdb-aligned-websocket-parallel,websocket,ref,browser.batch,950.472,133,610,false
cdb-aligned-websocket-parallel,websocket,ref,browser.fill,116.066,56,56,false
cdb-aligned-websocket-parallel,websocket,ref,browser.click,93.150,31,57,false
cdb-aligned-websocket-parallel,websocket,ref,browser.snapshot,1057.186,18,461,false
cdb-aligned-websocket-parallel,websocket,ref,browser.batch,957.435,133,610,false
cdb-aligned-websocket-parallel,websocket,ref,browser.fill,117.712,56,56,false
cdb-aligned-websocket-parallel,websocket,ref,browser.click,153.857,31,57,false
cdb-aligned-websocket-parallel,websocket,ref,browser.snapshot,850.697,18,461,false
cdb-aligned-websocket-parallel,websocket,ref,browser.batch,979.736,133,610,false
cdb-aligned-websocket-parallel,websocket,ref,browser.fill,138.779,56,56,false
cdb-aligned-websocket-parallel,websocket,ref,browser.click,91.395,31,57,false
cdb-aligned-websocket-parallel,websocket,ref,browser.snapshot,774.771,18,461,false
cdb-aligned-websocket-parallel,websocket,ref,browser.batch,1030.622,133,610,false
cdb-aligned-websocket-parallel,websocket,ref,browser.fill,101.021,56,56,false
cdb-aligned-websocket-parallel,websocket,ref,browser.click,91.131,31,57,false
cdb-aligned-websocket-parallel,websocket,ref,browser.snapshot,720.719,18,461,false
cdb-aligned-websocket-parallel,websocket,ref,browser.batch,1364.584,133,610,false
cdb-aligned-websocket-parallel,websocket,ref,browser.fill,106.906,56,56,false
cdb-aligned-websocket-parallel,websocket,ref,browser.click,105.362,31,57,false
cdb-aligned-websocket-parallel,websocket,ref,browser.snapshot,828.797,18,461,false
cdb-aligned-websocket-parallel,websocket,ref,browser.batch,908.623,133,610,false
cdb-aligned-websocket-parallel,websocket,ref,browser.fill,129.382,56,56,false
cdb-aligned-websocket-parallel,websocket,ref,browser.click,106.926,31,57,false
cdb-aligned-websocket-parallel,websocket,ref,browser.snapshot,768.416,18,461,false
cdb-aligned-websocket-parallel,websocket,ref,browser.batch,1048.596,133,610,false
cdb-aligned-websocket-parallel,websocket,ref,browser.fill,104.211,56,56,false
cdb-aligned-websocket-parallel,websocket,ref,browser.click,94.817,31,57,false
cdb-aligned-websocket-parallel,websocket,ref,browser.snapshot,633.342,18,461,false
cdb-aligned-websocket-parallel,websocket,ref,browser.batch,2214.394,133,610,false
cdb-aligned-websocket-parallel,websocket,ref,browser.fill,143.629,56,56,false
cdb-aligned-websocket-parallel,websocket,ref,browser.click,152.732,31,57,false
cdb-aligned-websocket-parallel,websocket,ref,browser.snapshot,954.444,18,461,false
cdb-aligned-websocket-parallel,websocket,ref,browser.batch,1186.991,133,610,false
cdb-aligned-websocket-parallel,websocket,ref,browser.fill,115.693,56,56,false
cdb-aligned-websocket-parallel,websocket,ref,browser.click,148.189,31,57,false
cdb-aligned-websocket-parallel,websocket,ref,browser.snapshot,777.599,18,461,false
cdb-aligned-websocket-parallel,websocket,ref,browser.batch,1054.380,133,610,false
cdb-aligned-websocket-parallel,websocket,ref,browser.fill,130.046,56,56,false
cdb-aligned-websocket-parallel,websocket,ref,browser.click,156.248,31,57,false
cdb-aligned-websocket-parallel,websocket,ref,browser.snapshot,731.703,18,461,false
cdb-aligned-websocket-parallel,websocket,ref,browser.batch,1171.236,133,610,false
cdb-aligned-websocket-parallel,websocket,ref,browser.fill,136.566,56,56,false
cdb-aligned-websocket-parallel,websocket,ref,browser.click,115.851,31,57,false
cdb-aligned-websocket-parallel,websocket,ref,browser.snapshot,700.691,18,461,false
cdb-aligned-websocket-parallel,websocket,ref,browser.batch,823.961,133,610,false
cdb-aligned-websocket-parallel,websocket,ref,browser.fill,134.948,56,56,false
cdb-aligned-websocket-parallel,websocket,ref,browser.click,189.183,31,57,false
cdb-aligned-websocket-parallel,websocket,ref,browser.snapshot,1415.783,18,461,false
cdb-aligned-websocket-parallel,websocket,ref,browser.batch,1145.585,133,610,false
cdb-aligned-websocket-parallel,websocket,ref,browser.fill,162.917,56,56,false
cdb-aligned-websocket-parallel,websocket,ref,browser.click,129.704,31,57,false
cdb-aligned-websocket-parallel,websocket,ref,browser.snapshot,920.290,18,461,false
cdb-aligned-websocket-parallel,websocket,ref,browser.batch,1005.237,133,610,false
cdb-aligned-websocket-parallel,websocket,ref,browser.fill,107.833,56,56,false
cdb-aligned-websocket-parallel,websocket,ref,browser.click,106.504,31,57,false
cdb-aligned-websocket-parallel,websocket,ref,browser.snapshot,678.908,18,461,false
cdb-aligned-websocket-parallel,websocket,ref,browser.batch,1014.632,133,610,false
cdb-aligned-websocket-parallel,websocket,ref,browser.fill,154.685,56,56,false
cdb-aligned-websocket-parallel,websocket,ref,browser.click,113.525,31,57,false
cdb-aligned-websocket-parallel,websocket,ref,browser.snapshot,784.899,18,461,false
cdb-aligned-websocket-parallel,websocket,ref,browser.batch,1175.897,133,610,false
cdb-aligned-websocket-parallel,websocket,ref,browser.click:blocked,2002.806,31,172,true
cdb-aligned-websocket-parallel,websocket,ref,browser.click:blocked,2001.768,31,172,true
cdb-aligned-websocket-parallel,websocket,ref,browser.click:blocked,2001.700,31,172,true
cdb-aligned-websocket-parallel,websocket,ref,browser.click:blocked,2002.180,31,172,true
cdb-aligned-websocket-parallel,websocket,ref,browser.click:blocked,2000.952,31,172,true
cdb-aligned-websocket-parallel,websocket,ref,browser.click:blocked,2001.833,31,172,true
cdb-aligned-websocket-parallel,websocket,ref,browser.click:blocked,2002.386,31,172,true
cdb-aligned-websocket-parallel,websocket,ref,browser.click:blocked,2001.544,31,172,true
cdb-aligned-websocket-parallel,websocket,ref,browser.click:blocked,2000.259,31,172,true
cdb-aligned-websocket-parallel,websocket,ref,browser.click:blocked,2002.446,31,172,true
cdb-aligned-websocket-parallel,websocket,ref,browser.click:blocked,2002.160,31,172,true
cdb-aligned-websocket-parallel,websocket,ref,browser.click:blocked,2002.779,31,172,true
cdb-aligned-websocket-parallel,websocket,ref,browser.click:blocked,2001.890,31,172,true
cdb-aligned-websocket-parallel,websocket,ref,browser.click:blocked,2006.350,31,172,true
cdb-aligned-websocket-parallel,websocket,ref,browser.click:blocked,2001.961,31,172,true
cdb-aligned-websocket-parallel,websocket,ref,browser.click:blocked,2001.752,31,172,true
cdb-aligned-websocket-parallel,websocket,ref,browser.click:blocked,2004.805,31,172,true
cdb-aligned-websocket-parallel,websocket,ref,browser.click:blocked,2002.063,31,172,true
cdb-aligned-websocket-parallel,websocket,ref,browser.click:blocked,2002.033,31,172,true
cdb-aligned-websocket-parallel,websocket,ref,browser.click:blocked,2000.879,31,172,true
cdb-aligned-websocket-parallel,websocket,ref,browser.click:blocked,2001.715,31,172,true
cdb-aligned-websocket-parallel,websocket,ref,browser.click:blocked,2003.600,31,172,true
cdb-aligned-websocket-parallel,websocket,ref,browser.click:blocked,2003.396,31,172,true
cdb-aligned-websocket-parallel,websocket,ref,browser.click:blocked,2000.732,31,172,true
cdb-aligned-websocket-parallel,websocket,ref,browser.click:blocked,2001.205,31,172,true
cdb-aligned-websocket-parallel,websocket,ref,browser.click:blocked,2001.392,31,172,true
cdb-aligned-websocket-parallel,websocket,ref,browser.click:blocked,2002.487,31,172,true
cdb-aligned-websocket-parallel,websocket,ref,browser.click:blocked,2002.153,31,172,true
cdb-aligned-websocket-parallel,websocket,ref,browser.click:blocked,2001.326,31,172,true
cdb-aligned-websocket-parallel,websocket,ref,browser.click:blocked,2002.353,31,172,true
cdb-aligned-websocket-parallel,websocket,locator,browser.fill,186.919,118,56,false
cdb-aligned-websocket-parallel,websocket,locator,browser.click,157.957,97,57,false
cdb-aligned-websocket-parallel,websocket,locator,browser.snapshot,624.641,18,461,false
cdb-aligned-websocket-parallel,websocket,locator,browser.batch,878.213,261,610,false
cdb-aligned-websocket-parallel,websocket,locator,browser.fill,170.292,118,56,false
cdb-aligned-websocket-parallel,websocket,locator,browser.click,171.458,97,57,false
cdb-aligned-websocket-parallel,websocket,locator,browser.snapshot,631.029,18,461,false
cdb-aligned-websocket-parallel,websocket,locator,browser.batch,918.305,261,610,false
cdb-aligned-websocket-parallel,websocket,locator,browser.fill,792.121,118,56,false
cdb-aligned-websocket-parallel,websocket,locator,browser.click,492.599,97,57,false
cdb-aligned-websocket-parallel,websocket,locator,browser.snapshot,1074.950,18,461,false
cdb-aligned-websocket-parallel,websocket,locator,browser.batch,894.465,261,610,false
cdb-aligned-websocket-parallel,websocket,locator,browser.fill,207.911,118,56,false
cdb-aligned-websocket-parallel,websocket,locator,browser.click,177.870,97,57,false
cdb-aligned-websocket-parallel,websocket,locator,browser.snapshot,646.864,18,461,false
cdb-aligned-websocket-parallel,websocket,locator,browser.batch,899.422,261,610,false
cdb-aligned-websocket-parallel,websocket,locator,browser.fill,167.055,118,56,false
cdb-aligned-websocket-parallel,websocket,locator,browser.click,175.318,97,57,false
cdb-aligned-websocket-parallel,websocket,locator,browser.snapshot,688.071,18,461,false
cdb-aligned-websocket-parallel,websocket,locator,browser.batch,944.081,261,610,false
cdb-aligned-websocket-parallel,websocket,locator,browser.fill,203.437,118,56,false
cdb-aligned-websocket-parallel,websocket,locator,browser.click,187.904,97,57,false
cdb-aligned-websocket-parallel,websocket,locator,browser.snapshot,781.198,18,461,false
cdb-aligned-websocket-parallel,websocket,locator,browser.batch,885.090,261,610,false
cdb-aligned-websocket-parallel,websocket,locator,browser.fill,181.080,118,56,false
cdb-aligned-websocket-parallel,websocket,locator,browser.click,174.575,97,57,false
cdb-aligned-websocket-parallel,websocket,locator,browser.snapshot,624.320,18,461,false
cdb-aligned-websocket-parallel,websocket,locator,browser.batch,875.409,261,610,false
cdb-aligned-websocket-parallel,websocket,locator,browser.fill,169.806,118,56,false
cdb-aligned-websocket-parallel,websocket,locator,browser.click,156.707,97,57,false
cdb-aligned-websocket-parallel,websocket,locator,browser.snapshot,846.582,18,461,false
cdb-aligned-websocket-parallel,websocket,locator,browser.batch,985.931,261,610,false
cdb-aligned-websocket-parallel,websocket,locator,browser.fill,244.171,118,56,false
cdb-aligned-websocket-parallel,websocket,locator,browser.click,370.548,97,57,false
cdb-aligned-websocket-parallel,websocket,locator,browser.snapshot,881.152,18,461,false
cdb-aligned-websocket-parallel,websocket,locator,browser.batch,1122.031,261,610,false
cdb-aligned-websocket-parallel,websocket,locator,browser.fill,305.344,118,56,false
cdb-aligned-websocket-parallel,websocket,locator,browser.click,268.498,97,57,false
cdb-aligned-websocket-parallel,websocket,locator,browser.snapshot,2400.201,18,461,false
cdb-aligned-websocket-parallel,websocket,locator,browser.batch,1168.382,261,610,false
cdb-aligned-websocket-parallel,websocket,locator,browser.fill,310.887,118,56,false
cdb-aligned-websocket-parallel,websocket,locator,browser.click,291.318,97,57,false
cdb-aligned-websocket-parallel,websocket,locator,browser.snapshot,992.076,18,461,false
cdb-aligned-websocket-parallel,websocket,locator,browser.batch,1083.283,261,610,false
cdb-aligned-websocket-parallel,websocket,locator,browser.fill,276.059,118,56,false
cdb-aligned-websocket-parallel,websocket,locator,browser.click,168.151,97,57,false
cdb-aligned-websocket-parallel,websocket,locator,browser.snapshot,738.523,18,461,false
cdb-aligned-websocket-parallel,websocket,locator,browser.batch,1038.702,261,610,false
cdb-aligned-websocket-parallel,websocket,locator,browser.fill,201.661,118,56,false
cdb-aligned-websocket-parallel,websocket,locator,browser.click,167.604,97,57,false
cdb-aligned-websocket-parallel,websocket,locator,browser.snapshot,1021.818,18,461,false
cdb-aligned-websocket-parallel,websocket,locator,browser.batch,1031.407,261,610,false
cdb-aligned-websocket-parallel,websocket,locator,browser.fill,186.432,118,56,false
cdb-aligned-websocket-parallel,websocket,locator,browser.click,184.637,97,57,false
cdb-aligned-websocket-parallel,websocket,locator,browser.snapshot,932.359,18,461,false
cdb-aligned-websocket-parallel,websocket,locator,browser.batch,1123.913,261,610,false
cdb-aligned-websocket-parallel,websocket,locator,browser.fill,200.625,118,56,false
cdb-aligned-websocket-parallel,websocket,locator,browser.click,186.374,97,57,false
cdb-aligned-websocket-parallel,websocket,locator,browser.snapshot,949.285,18,461,false
cdb-aligned-websocket-parallel,websocket,locator,browser.batch,1057.290,261,610,false
cdb-aligned-websocket-parallel,websocket,locator,browser.fill,176.076,118,56,false
cdb-aligned-websocket-parallel,websocket,locator,browser.click,159.764,97,57,false
cdb-aligned-websocket-parallel,websocket,locator,browser.snapshot,805.208,18,461,false
cdb-aligned-websocket-parallel,websocket,locator,browser.batch,1158.724,261,610,false
cdb-aligned-websocket-parallel,websocket,locator,browser.fill,184.754,118,56,false
cdb-aligned-websocket-parallel,websocket,locator,browser.click,242.464,97,57,false
cdb-aligned-websocket-parallel,websocket,locator,browser.snapshot,880.564,18,461,false
cdb-aligned-websocket-parallel,websocket,locator,browser.batch,1085.170,261,610,false
cdb-aligned-websocket-parallel,websocket,locator,browser.fill,175.074,118,56,false
cdb-aligned-websocket-parallel,websocket,locator,browser.click,149.245,97,57,false
cdb-aligned-websocket-parallel,websocket,locator,browser.snapshot,597.488,18,461,false
cdb-aligned-websocket-parallel,websocket,locator,browser.batch,898.255,261,610,false
cdb-aligned-websocket-parallel,websocket,locator,browser.fill,183.960,118,56,false
cdb-aligned-websocket-parallel,websocket,locator,browser.click,159.084,97,57,false
cdb-aligned-websocket-parallel,websocket,locator,browser.snapshot,658.645,18,461,false
cdb-aligned-websocket-parallel,websocket,locator,browser.batch,915.920,261,610,false
cdb-aligned-websocket-parallel,websocket,locator,browser.fill,172.895,118,56,false
cdb-aligned-websocket-parallel,websocket,locator,browser.click,170.232,97,57,false
cdb-aligned-websocket-parallel,websocket,locator,browser.snapshot,676.669,18,461,false
cdb-aligned-websocket-parallel,websocket,locator,browser.batch,912.837,261,610,false
cdb-aligned-websocket-parallel,websocket,locator,browser.fill,166.385,118,56,false
cdb-aligned-websocket-parallel,websocket,locator,browser.click,157.058,97,57,false
cdb-aligned-websocket-parallel,websocket,locator,browser.snapshot,623.304,18,461,false
cdb-aligned-websocket-parallel,websocket,locator,browser.batch,3187.630,261,610,false
cdb-aligned-websocket-parallel,websocket,locator,browser.fill,190.422,118,56,false
cdb-aligned-websocket-parallel,websocket,locator,browser.click,157.176,97,57,false
cdb-aligned-websocket-parallel,websocket,locator,browser.snapshot,704.043,18,461,false
cdb-aligned-websocket-parallel,websocket,locator,browser.batch,1003.968,261,610,false
cdb-aligned-websocket-parallel,websocket,locator,browser.fill,181.559,118,56,false
cdb-aligned-websocket-parallel,websocket,locator,browser.click,161.496,97,57,false
cdb-aligned-websocket-parallel,websocket,locator,browser.snapshot,655.429,18,461,false
cdb-aligned-websocket-parallel,websocket,locator,browser.batch,921.803,261,610,false
cdb-aligned-websocket-parallel,websocket,locator,browser.fill,209.655,118,56,false
cdb-aligned-websocket-parallel,websocket,locator,browser.click,172.741,97,57,false
cdb-aligned-websocket-parallel,websocket,locator,browser.snapshot,659.700,18,461,false
cdb-aligned-websocket-parallel,websocket,locator,browser.batch,928.558,261,610,false
cdb-aligned-websocket-parallel,websocket,locator,browser.fill,171.313,118,56,false
cdb-aligned-websocket-parallel,websocket,locator,browser.click,190.029,97,57,false
cdb-aligned-websocket-parallel,websocket,locator,browser.snapshot,587.254,18,461,false
cdb-aligned-websocket-parallel,websocket,locator,browser.batch,843.839,261,610,false
cdb-aligned-websocket-parallel,websocket,locator,browser.fill,166.008,118,56,false
cdb-aligned-websocket-parallel,websocket,locator,browser.click,333.554,97,57,false
cdb-aligned-websocket-parallel,websocket,locator,browser.snapshot,2649.651,18,461,false
cdb-aligned-websocket-parallel,websocket,locator,browser.batch,1096.055,261,610,false
cdb-aligned-websocket-parallel,websocket,locator,browser.fill,162.828,118,56,false
cdb-aligned-websocket-parallel,websocket,locator,browser.click,152.435,97,57,false
cdb-aligned-websocket-parallel,websocket,locator,browser.snapshot,604.902,18,461,false
cdb-aligned-websocket-parallel,websocket,locator,browser.batch,904.953,261,610,false
cdb-aligned-websocket-parallel,websocket,locator,browser.fill,176.077,118,56,false
cdb-aligned-websocket-parallel,websocket,locator,browser.click,153.202,97,57,false
cdb-aligned-websocket-parallel,websocket,locator,browser.snapshot,588.750,18,461,false
cdb-aligned-websocket-parallel,websocket,locator,browser.batch,848.441,261,610,false
cdb-aligned-websocket-parallel,websocket,locator,browser.fill,173.684,118,56,false
cdb-aligned-websocket-parallel,websocket,locator,browser.click,183.442,97,57,false
cdb-aligned-websocket-parallel,websocket,locator,browser.snapshot,634.614,18,461,false
cdb-aligned-websocket-parallel,websocket,locator,browser.batch,952.296,261,610,false
cdb-aligned-websocket-parallel,websocket,locator,browser.fill,172.646,118,56,false
cdb-aligned-websocket-parallel,websocket,locator,browser.click,154.571,97,57,false
cdb-aligned-websocket-parallel,websocket,locator,browser.snapshot,710.832,18,461,false
cdb-aligned-websocket-parallel,websocket,locator,browser.batch,891.158,261,610,false
cdb-aligned-websocket-parallel,websocket,locator,browser.click:blocked,2000.715,97,172,true
cdb-aligned-websocket-parallel,websocket,locator,browser.click:blocked,2001.658,97,172,true
cdb-aligned-websocket-parallel,websocket,locator,browser.click:blocked,2001.335,97,172,true
cdb-aligned-websocket-parallel,websocket,locator,browser.click:blocked,2001.192,97,172,true
cdb-aligned-websocket-parallel,websocket,locator,browser.click:blocked,1999.984,97,172,true
cdb-aligned-websocket-parallel,websocket,locator,browser.click:blocked,2000.683,97,172,true
cdb-aligned-websocket-parallel,websocket,locator,browser.click:blocked,2001.946,97,172,true
cdb-aligned-websocket-parallel,websocket,locator,browser.click:blocked,2000.643,97,172,true
cdb-aligned-websocket-parallel,websocket,locator,browser.click:blocked,2001.977,97,172,true
cdb-aligned-websocket-parallel,websocket,locator,browser.click:blocked,2002.659,97,172,true
cdb-aligned-websocket-parallel,websocket,locator,browser.click:blocked,2001.788,97,172,true
cdb-aligned-websocket-parallel,websocket,locator,browser.click:blocked,2001.821,97,172,true
cdb-aligned-websocket-parallel,websocket,locator,browser.click:blocked,2001.168,97,172,true
cdb-aligned-websocket-parallel,websocket,locator,browser.click:blocked,2001.263,97,172,true
cdb-aligned-websocket-parallel,websocket,locator,browser.click:blocked,1999.656,97,172,true
cdb-aligned-websocket-parallel,websocket,locator,browser.click:blocked,2002.116,97,172,true
cdb-aligned-websocket-parallel,websocket,locator,browser.click:blocked,2001.195,97,172,true
cdb-aligned-websocket-parallel,websocket,locator,browser.click:blocked,2002.438,97,172,true
cdb-aligned-websocket-parallel,websocket,locator,browser.click:blocked,2000.673,97,172,true
cdb-aligned-websocket-parallel,websocket,locator,browser.click:blocked,2002.514,97,172,true
cdb-aligned-websocket-parallel,websocket,locator,browser.click:blocked,2001.843,97,172,true
cdb-aligned-websocket-parallel,websocket,locator,browser.click:blocked,2001.219,97,172,true
cdb-aligned-websocket-parallel,websocket,locator,browser.click:blocked,2111.669,97,172,true
cdb-aligned-websocket-parallel,websocket,locator,browser.click:blocked,2001.559,97,172,true
cdb-aligned-websocket-parallel,websocket,locator,browser.click:blocked,2001.060,97,172,true
cdb-aligned-websocket-parallel,websocket,locator,browser.click:blocked,2002.314,97,172,true
cdb-aligned-websocket-parallel,websocket,locator,browser.click:blocked,2001.773,97,172,true
cdb-aligned-websocket-parallel,websocket,locator,browser.click:blocked,2001.696,97,172,true
cdb-aligned-websocket-parallel,websocket,locator,browser.click:blocked,2000.856,97,172,true
cdb-aligned-websocket-parallel,websocket,locator,browser.click:blocked,2001.205,97,172,true
cdb-aligned-devframe-parallel,devframe,ref,browser.fill,91.667,55,56,false
cdb-aligned-devframe-parallel,devframe,ref,browser.click,89.024,30,57,false
cdb-aligned-devframe-parallel,devframe,ref,browser.snapshot,624.362,18,456,false
cdb-aligned-devframe-parallel,devframe,ref,browser.batch,761.904,131,605,false
cdb-aligned-devframe-parallel,devframe,ref,browser.fill,95.069,55,56,false
cdb-aligned-devframe-parallel,devframe,ref,browser.click,90.354,30,57,false
cdb-aligned-devframe-parallel,devframe,ref,browser.snapshot,658.250,18,456,false
cdb-aligned-devframe-parallel,devframe,ref,browser.batch,790.348,131,605,false
cdb-aligned-devframe-parallel,devframe,ref,browser.fill,96.795,55,56,false
cdb-aligned-devframe-parallel,devframe,ref,browser.click,87.989,30,57,false
cdb-aligned-devframe-parallel,devframe,ref,browser.snapshot,614.183,18,456,false
cdb-aligned-devframe-parallel,devframe,ref,browser.batch,831.230,131,605,false
cdb-aligned-devframe-parallel,devframe,ref,browser.fill,96.125,55,56,false
cdb-aligned-devframe-parallel,devframe,ref,browser.click,86.960,30,57,false
cdb-aligned-devframe-parallel,devframe,ref,browser.snapshot,579.877,18,456,false
cdb-aligned-devframe-parallel,devframe,ref,browser.batch,728.778,131,605,false
cdb-aligned-devframe-parallel,devframe,ref,browser.fill,92.671,55,56,false
cdb-aligned-devframe-parallel,devframe,ref,browser.click,85.669,30,57,false
cdb-aligned-devframe-parallel,devframe,ref,browser.snapshot,596.535,18,457,false
cdb-aligned-devframe-parallel,devframe,ref,browser.batch,749.437,132,610,false
cdb-aligned-devframe-parallel,devframe,ref,browser.fill,88.100,56,56,false
cdb-aligned-devframe-parallel,devframe,ref,browser.click,85.844,31,57,false
cdb-aligned-devframe-parallel,devframe,ref,browser.snapshot,615.740,18,461,false
cdb-aligned-devframe-parallel,devframe,ref,browser.batch,811.460,133,610,false
cdb-aligned-devframe-parallel,devframe,ref,browser.fill,114.554,56,56,false
cdb-aligned-devframe-parallel,devframe,ref,browser.click,96.538,31,57,false
cdb-aligned-devframe-parallel,devframe,ref,browser.snapshot,869.858,18,461,false
cdb-aligned-devframe-parallel,devframe,ref,browser.batch,926.199,133,610,false
cdb-aligned-devframe-parallel,devframe,ref,browser.fill,121.933,56,56,false
cdb-aligned-devframe-parallel,devframe,ref,browser.click,89.147,31,57,false
cdb-aligned-devframe-parallel,devframe,ref,browser.snapshot,675.819,18,461,false
cdb-aligned-devframe-parallel,devframe,ref,browser.batch,826.541,133,610,false
cdb-aligned-devframe-parallel,devframe,ref,browser.fill,112.547,56,56,false
cdb-aligned-devframe-parallel,devframe,ref,browser.click,91.110,31,57,false
cdb-aligned-devframe-parallel,devframe,ref,browser.snapshot,646.759,18,461,false
cdb-aligned-devframe-parallel,devframe,ref,browser.batch,813.701,133,610,false
cdb-aligned-devframe-parallel,devframe,ref,browser.fill,97.617,56,56,false
cdb-aligned-devframe-parallel,devframe,ref,browser.click,90.717,31,57,false
cdb-aligned-devframe-parallel,devframe,ref,browser.snapshot,597.095,18,461,false
cdb-aligned-devframe-parallel,devframe,ref,browser.batch,806.210,133,610,false
cdb-aligned-devframe-parallel,devframe,ref,browser.fill,110.219,56,56,false
cdb-aligned-devframe-parallel,devframe,ref,browser.click,119.468,31,57,false
cdb-aligned-devframe-parallel,devframe,ref,browser.snapshot,629.906,18,461,false
cdb-aligned-devframe-parallel,devframe,ref,browser.batch,817.025,133,610,false
cdb-aligned-devframe-parallel,devframe,ref,browser.fill,94.006,56,56,false
cdb-aligned-devframe-parallel,devframe,ref,browser.click,94.755,31,57,false
cdb-aligned-devframe-parallel,devframe,ref,browser.snapshot,589.674,18,461,false
cdb-aligned-devframe-parallel,devframe,ref,browser.batch,739.625,133,610,false
cdb-aligned-devframe-parallel,devframe,ref,browser.fill,96.109,56,56,false
cdb-aligned-devframe-parallel,devframe,ref,browser.click,92.243,31,57,false
cdb-aligned-devframe-parallel,devframe,ref,browser.snapshot,580.142,18,461,false
cdb-aligned-devframe-parallel,devframe,ref,browser.batch,747.817,133,610,false
cdb-aligned-devframe-parallel,devframe,ref,browser.fill,92.797,56,56,false
cdb-aligned-devframe-parallel,devframe,ref,browser.click,90.340,31,57,false
cdb-aligned-devframe-parallel,devframe,ref,browser.snapshot,1434.461,18,461,false
cdb-aligned-devframe-parallel,devframe,ref,browser.batch,1369.162,133,610,false
cdb-aligned-devframe-parallel,devframe,ref,browser.fill,113.176,56,56,false
cdb-aligned-devframe-parallel,devframe,ref,browser.click,106.822,31,57,false
cdb-aligned-devframe-parallel,devframe,ref,browser.snapshot,624.884,18,461,false
cdb-aligned-devframe-parallel,devframe,ref,browser.batch,823.458,133,610,false
cdb-aligned-devframe-parallel,devframe,ref,browser.fill,90.845,56,56,false
cdb-aligned-devframe-parallel,devframe,ref,browser.click,89.941,31,57,false
cdb-aligned-devframe-parallel,devframe,ref,browser.snapshot,593.698,18,461,false
cdb-aligned-devframe-parallel,devframe,ref,browser.batch,735.836,133,610,false
cdb-aligned-devframe-parallel,devframe,ref,browser.fill,99.790,56,56,false
cdb-aligned-devframe-parallel,devframe,ref,browser.click,127.825,31,57,false
cdb-aligned-devframe-parallel,devframe,ref,browser.snapshot,608.446,18,461,false
cdb-aligned-devframe-parallel,devframe,ref,browser.batch,761.048,133,610,false
cdb-aligned-devframe-parallel,devframe,ref,browser.fill,95.144,56,56,false
cdb-aligned-devframe-parallel,devframe,ref,browser.click,87.736,31,57,false
cdb-aligned-devframe-parallel,devframe,ref,browser.snapshot,639.191,18,461,false
cdb-aligned-devframe-parallel,devframe,ref,browser.batch,741.015,133,610,false
cdb-aligned-devframe-parallel,devframe,ref,browser.fill,118.654,56,56,false
cdb-aligned-devframe-parallel,devframe,ref,browser.click,91.948,31,57,false
cdb-aligned-devframe-parallel,devframe,ref,browser.snapshot,585.938,18,461,false
cdb-aligned-devframe-parallel,devframe,ref,browser.batch,758.183,133,610,false
cdb-aligned-devframe-parallel,devframe,ref,browser.fill,104.214,56,56,false
cdb-aligned-devframe-parallel,devframe,ref,browser.click,84.800,31,57,false
cdb-aligned-devframe-parallel,devframe,ref,browser.snapshot,1931.217,18,461,false
cdb-aligned-devframe-parallel,devframe,ref,browser.batch,1278.607,133,610,false
cdb-aligned-devframe-parallel,devframe,ref,browser.fill,632.577,56,56,false
cdb-aligned-devframe-parallel,devframe,ref,browser.click,105.073,31,57,false
cdb-aligned-devframe-parallel,devframe,ref,browser.snapshot,660.242,18,461,false
cdb-aligned-devframe-parallel,devframe,ref,browser.batch,826.971,133,610,false
cdb-aligned-devframe-parallel,devframe,ref,browser.fill,92.506,56,56,false
cdb-aligned-devframe-parallel,devframe,ref,browser.click,89.643,31,57,false
cdb-aligned-devframe-parallel,devframe,ref,browser.snapshot,668.048,18,461,false
cdb-aligned-devframe-parallel,devframe,ref,browser.batch,796.927,133,610,false
cdb-aligned-devframe-parallel,devframe,ref,browser.fill,103.884,56,56,false
cdb-aligned-devframe-parallel,devframe,ref,browser.click,90.197,31,57,false
cdb-aligned-devframe-parallel,devframe,ref,browser.snapshot,671.967,18,461,false
cdb-aligned-devframe-parallel,devframe,ref,browser.batch,864.170,133,610,false
cdb-aligned-devframe-parallel,devframe,ref,browser.fill,97.514,56,56,false
cdb-aligned-devframe-parallel,devframe,ref,browser.click,106.835,31,57,false
cdb-aligned-devframe-parallel,devframe,ref,browser.snapshot,743.842,18,461,false
cdb-aligned-devframe-parallel,devframe,ref,browser.batch,978.128,133,610,false
cdb-aligned-devframe-parallel,devframe,ref,browser.fill,131.384,56,56,false
cdb-aligned-devframe-parallel,devframe,ref,browser.click,116.636,31,57,false
cdb-aligned-devframe-parallel,devframe,ref,browser.snapshot,711.136,18,461,false
cdb-aligned-devframe-parallel,devframe,ref,browser.batch,814.178,133,610,false
cdb-aligned-devframe-parallel,devframe,ref,browser.fill,96.480,56,56,false
cdb-aligned-devframe-parallel,devframe,ref,browser.click,88.202,31,57,false
cdb-aligned-devframe-parallel,devframe,ref,browser.snapshot,609.013,18,461,false
cdb-aligned-devframe-parallel,devframe,ref,browser.batch,745.690,133,610,false
cdb-aligned-devframe-parallel,devframe,ref,browser.fill,102.351,56,56,false
cdb-aligned-devframe-parallel,devframe,ref,browser.click,88.616,31,57,false
cdb-aligned-devframe-parallel,devframe,ref,browser.snapshot,633.731,18,461,false
cdb-aligned-devframe-parallel,devframe,ref,browser.batch,797.594,133,610,false
cdb-aligned-devframe-parallel,devframe,ref,browser.fill,90.237,56,56,false
cdb-aligned-devframe-parallel,devframe,ref,browser.click,89.141,31,57,false
cdb-aligned-devframe-parallel,devframe,ref,browser.snapshot,619.259,18,461,false
cdb-aligned-devframe-parallel,devframe,ref,browser.batch,779.927,133,610,false
cdb-aligned-devframe-parallel,devframe,ref,browser.fill,98.087,56,56,false
cdb-aligned-devframe-parallel,devframe,ref,browser.click,87.773,31,57,false
cdb-aligned-devframe-parallel,devframe,ref,browser.snapshot,605.417,18,461,false
cdb-aligned-devframe-parallel,devframe,ref,browser.batch,800.567,133,610,false
cdb-aligned-devframe-parallel,devframe,ref,browser.fill,94.995,56,56,false
cdb-aligned-devframe-parallel,devframe,ref,browser.click,88.496,31,57,false
cdb-aligned-devframe-parallel,devframe,ref,browser.snapshot,624.103,18,461,false
cdb-aligned-devframe-parallel,devframe,ref,browser.batch,763.434,133,610,false
cdb-aligned-devframe-parallel,devframe,ref,browser.click:blocked,2002.001,31,197,true
cdb-aligned-devframe-parallel,devframe,ref,browser.click:blocked,2002.302,31,197,true
cdb-aligned-devframe-parallel,devframe,ref,browser.click:blocked,2004.067,31,197,true
cdb-aligned-devframe-parallel,devframe,ref,browser.click:blocked,2003.002,31,197,true
cdb-aligned-devframe-parallel,devframe,ref,browser.click:blocked,2002.472,31,197,true
cdb-aligned-devframe-parallel,devframe,ref,browser.click:blocked,2003.026,31,197,true
cdb-aligned-devframe-parallel,devframe,ref,browser.click:blocked,2003.095,31,197,true
cdb-aligned-devframe-parallel,devframe,ref,browser.click:blocked,2001.926,31,197,true
cdb-aligned-devframe-parallel,devframe,ref,browser.click:blocked,2002.958,31,197,true
cdb-aligned-devframe-parallel,devframe,ref,browser.click:blocked,2002.513,31,197,true
cdb-aligned-devframe-parallel,devframe,ref,browser.click:blocked,2003.166,31,197,true
cdb-aligned-devframe-parallel,devframe,ref,browser.click:blocked,2006.542,31,197,true
cdb-aligned-devframe-parallel,devframe,ref,browser.click:blocked,2002.286,31,197,true
cdb-aligned-devframe-parallel,devframe,ref,browser.click:blocked,2001.347,31,197,true
cdb-aligned-devframe-parallel,devframe,ref,browser.click:blocked,2005.214,31,197,true
cdb-aligned-devframe-parallel,devframe,ref,browser.click:blocked,2007.669,31,197,true
cdb-aligned-devframe-parallel,devframe,ref,browser.click:blocked,2003.104,31,197,true
cdb-aligned-devframe-parallel,devframe,ref,browser.click:blocked,2004.251,31,197,true
cdb-aligned-devframe-parallel,devframe,ref,browser.click:blocked,2001.415,31,197,true
cdb-aligned-devframe-parallel,devframe,ref,browser.click:blocked,2003.275,31,197,true
cdb-aligned-devframe-parallel,devframe,ref,browser.click:blocked,2003.024,31,197,true
cdb-aligned-devframe-parallel,devframe,ref,browser.click:blocked,2002.451,31,197,true
cdb-aligned-devframe-parallel,devframe,ref,browser.click:blocked,2003.767,31,197,true
cdb-aligned-devframe-parallel,devframe,ref,browser.click:blocked,2001.129,31,197,true
cdb-aligned-devframe-parallel,devframe,ref,browser.click:blocked,2004.473,31,197,true
cdb-aligned-devframe-parallel,devframe,ref,browser.click:blocked,2002.208,31,197,true
cdb-aligned-devframe-parallel,devframe,ref,browser.click:blocked,2003.079,31,197,true
cdb-aligned-devframe-parallel,devframe,ref,browser.click:blocked,2005.112,31,197,true
cdb-aligned-devframe-parallel,devframe,ref,browser.click:blocked,2003.347,31,197,true
cdb-aligned-devframe-parallel,devframe,ref,browser.click:blocked,2017.630,31,197,true
cdb-aligned-devframe-parallel,devframe,locator,browser.fill,343.878,118,56,false
cdb-aligned-devframe-parallel,devframe,locator,browser.click,362.447,97,57,false
cdb-aligned-devframe-parallel,devframe,locator,browser.snapshot,649.495,18,461,false
cdb-aligned-devframe-parallel,devframe,locator,browser.batch,1200.727,261,610,false
cdb-aligned-devframe-parallel,devframe,locator,browser.fill,301.832,118,56,false
cdb-aligned-devframe-parallel,devframe,locator,browser.click,306.418,97,57,false
cdb-aligned-devframe-parallel,devframe,locator,browser.snapshot,612.640,18,461,false
cdb-aligned-devframe-parallel,devframe,locator,browser.batch,1185.483,261,610,false
cdb-aligned-devframe-parallel,devframe,locator,browser.fill,415.333,118,56,false
cdb-aligned-devframe-parallel,devframe,locator,browser.click,384.484,97,57,false
cdb-aligned-devframe-parallel,devframe,locator,browser.snapshot,605.616,18,461,false
cdb-aligned-devframe-parallel,devframe,locator,browser.batch,1110.596,261,610,false
cdb-aligned-devframe-parallel,devframe,locator,browser.fill,254.772,118,56,false
cdb-aligned-devframe-parallel,devframe,locator,browser.click,321.904,97,57,false
cdb-aligned-devframe-parallel,devframe,locator,browser.snapshot,607.333,18,461,false
cdb-aligned-devframe-parallel,devframe,locator,browser.batch,1110.273,261,610,false
cdb-aligned-devframe-parallel,devframe,locator,browser.fill,355.504,118,56,false
cdb-aligned-devframe-parallel,devframe,locator,browser.click,345.351,97,57,false
cdb-aligned-devframe-parallel,devframe,locator,browser.snapshot,650.820,18,461,false
cdb-aligned-devframe-parallel,devframe,locator,browser.batch,1250.533,261,610,false
cdb-aligned-devframe-parallel,devframe,locator,browser.fill,349.912,118,56,false
cdb-aligned-devframe-parallel,devframe,locator,browser.click,332.918,97,57,false
cdb-aligned-devframe-parallel,devframe,locator,browser.snapshot,615.227,18,461,false
cdb-aligned-devframe-parallel,devframe,locator,browser.batch,1147.195,261,610,false
cdb-aligned-devframe-parallel,devframe,locator,browser.fill,294.970,118,56,false
cdb-aligned-devframe-parallel,devframe,locator,browser.click,328.172,97,57,false
cdb-aligned-devframe-parallel,devframe,locator,browser.snapshot,590.474,18,461,false
cdb-aligned-devframe-parallel,devframe,locator,browser.batch,1163.189,261,610,false
cdb-aligned-devframe-parallel,devframe,locator,browser.fill,298.989,118,56,false
cdb-aligned-devframe-parallel,devframe,locator,browser.click,303.981,97,57,false
cdb-aligned-devframe-parallel,devframe,locator,browser.snapshot,609.896,18,461,false
cdb-aligned-devframe-parallel,devframe,locator,browser.batch,1139.502,261,610,false
cdb-aligned-devframe-parallel,devframe,locator,browser.fill,262.027,118,56,false
cdb-aligned-devframe-parallel,devframe,locator,browser.click,273.683,97,57,false
cdb-aligned-devframe-parallel,devframe,locator,browser.snapshot,738.023,18,461,false
cdb-aligned-devframe-parallel,devframe,locator,browser.batch,1194.548,261,610,false
cdb-aligned-devframe-parallel,devframe,locator,browser.fill,282.162,118,56,false
cdb-aligned-devframe-parallel,devframe,locator,browser.click,372.218,97,57,false
cdb-aligned-devframe-parallel,devframe,locator,browser.snapshot,743.125,18,461,false
cdb-aligned-devframe-parallel,devframe,locator,browser.batch,1151.916,261,610,false
cdb-aligned-devframe-parallel,devframe,locator,browser.fill,342.405,118,56,false
cdb-aligned-devframe-parallel,devframe,locator,browser.click,264.983,97,57,false
cdb-aligned-devframe-parallel,devframe,locator,browser.snapshot,654.609,18,461,false
cdb-aligned-devframe-parallel,devframe,locator,browser.batch,1128.951,261,610,false
cdb-aligned-devframe-parallel,devframe,locator,browser.fill,342.101,118,56,false
cdb-aligned-devframe-parallel,devframe,locator,browser.click,313.383,97,57,false
cdb-aligned-devframe-parallel,devframe,locator,browser.snapshot,634.689,18,461,false
cdb-aligned-devframe-parallel,devframe,locator,browser.batch,1043.351,261,610,false
cdb-aligned-devframe-parallel,devframe,locator,browser.fill,336.614,118,56,false
cdb-aligned-devframe-parallel,devframe,locator,browser.click,337.122,97,57,false
cdb-aligned-devframe-parallel,devframe,locator,browser.snapshot,611.129,18,461,false
cdb-aligned-devframe-parallel,devframe,locator,browser.batch,1087.987,261,610,false
cdb-aligned-devframe-parallel,devframe,locator,browser.fill,359.423,118,56,false
cdb-aligned-devframe-parallel,devframe,locator,browser.click,360.064,97,57,false
cdb-aligned-devframe-parallel,devframe,locator,browser.snapshot,657.165,18,461,false
cdb-aligned-devframe-parallel,devframe,locator,browser.batch,1268.609,261,610,false
cdb-aligned-devframe-parallel,devframe,locator,browser.fill,313.408,118,56,false
cdb-aligned-devframe-parallel,devframe,locator,browser.click,290.847,97,57,false
cdb-aligned-devframe-parallel,devframe,locator,browser.snapshot,593.930,18,461,false
cdb-aligned-devframe-parallel,devframe,locator,browser.batch,1147.832,261,610,false
cdb-aligned-devframe-parallel,devframe,locator,browser.fill,307.000,118,56,false
cdb-aligned-devframe-parallel,devframe,locator,browser.click,327.856,97,57,false
cdb-aligned-devframe-parallel,devframe,locator,browser.snapshot,650.090,18,461,false
cdb-aligned-devframe-parallel,devframe,locator,browser.batch,1123.516,261,610,false
cdb-aligned-devframe-parallel,devframe,locator,browser.fill,368.030,118,56,false
cdb-aligned-devframe-parallel,devframe,locator,browser.click,293.225,97,57,false
cdb-aligned-devframe-parallel,devframe,locator,browser.snapshot,589.074,18,461,false
cdb-aligned-devframe-parallel,devframe,locator,browser.batch,1170.615,261,610,false
cdb-aligned-devframe-parallel,devframe,locator,browser.fill,281.768,118,56,false
cdb-aligned-devframe-parallel,devframe,locator,browser.click,338.813,97,57,false
cdb-aligned-devframe-parallel,devframe,locator,browser.snapshot,604.913,18,461,false
cdb-aligned-devframe-parallel,devframe,locator,browser.batch,1129.521,261,610,false
cdb-aligned-devframe-parallel,devframe,locator,browser.fill,341.171,118,56,false
cdb-aligned-devframe-parallel,devframe,locator,browser.click,344.287,97,57,false
cdb-aligned-devframe-parallel,devframe,locator,browser.snapshot,614.663,18,461,false
cdb-aligned-devframe-parallel,devframe,locator,browser.batch,1111.778,261,610,false
cdb-aligned-devframe-parallel,devframe,locator,browser.fill,344.815,118,56,false
cdb-aligned-devframe-parallel,devframe,locator,browser.click,313.572,97,57,false
cdb-aligned-devframe-parallel,devframe,locator,browser.snapshot,597.834,18,461,false
cdb-aligned-devframe-parallel,devframe,locator,browser.batch,1171.382,261,610,false
cdb-aligned-devframe-parallel,devframe,locator,browser.fill,302.477,118,56,false
cdb-aligned-devframe-parallel,devframe,locator,browser.click,349.445,97,57,false
cdb-aligned-devframe-parallel,devframe,locator,browser.snapshot,929.356,18,461,false
cdb-aligned-devframe-parallel,devframe,locator,browser.batch,1134.051,261,610,false
cdb-aligned-devframe-parallel,devframe,locator,browser.fill,275.040,118,56,false
cdb-aligned-devframe-parallel,devframe,locator,browser.click,253.006,97,57,false
cdb-aligned-devframe-parallel,devframe,locator,browser.snapshot,636.430,18,461,false
cdb-aligned-devframe-parallel,devframe,locator,browser.batch,1253.700,261,610,false
cdb-aligned-devframe-parallel,devframe,locator,browser.fill,324.376,118,56,false
cdb-aligned-devframe-parallel,devframe,locator,browser.click,404.584,97,57,false
cdb-aligned-devframe-parallel,devframe,locator,browser.snapshot,624.552,18,461,false
cdb-aligned-devframe-parallel,devframe,locator,browser.batch,1120.869,261,610,false
cdb-aligned-devframe-parallel,devframe,locator,browser.fill,322.219,118,56,false
cdb-aligned-devframe-parallel,devframe,locator,browser.click,325.481,97,57,false
cdb-aligned-devframe-parallel,devframe,locator,browser.snapshot,651.269,18,461,false
cdb-aligned-devframe-parallel,devframe,locator,browser.batch,1169.016,261,610,false
cdb-aligned-devframe-parallel,devframe,locator,browser.fill,304.001,118,56,false
cdb-aligned-devframe-parallel,devframe,locator,browser.click,311.858,97,57,false
cdb-aligned-devframe-parallel,devframe,locator,browser.snapshot,628.319,18,461,false
cdb-aligned-devframe-parallel,devframe,locator,browser.batch,1229.689,261,610,false
cdb-aligned-devframe-parallel,devframe,locator,browser.fill,359.483,118,56,false
cdb-aligned-devframe-parallel,devframe,locator,browser.click,323.923,97,57,false
cdb-aligned-devframe-parallel,devframe,locator,browser.snapshot,634.239,18,461,false
cdb-aligned-devframe-parallel,devframe,locator,browser.batch,1200.666,261,610,false
cdb-aligned-devframe-parallel,devframe,locator,browser.fill,313.036,118,56,false
cdb-aligned-devframe-parallel,devframe,locator,browser.click,342.929,97,57,false
cdb-aligned-devframe-parallel,devframe,locator,browser.snapshot,610.055,18,461,false
cdb-aligned-devframe-parallel,devframe,locator,browser.batch,1185.509,261,610,false
cdb-aligned-devframe-parallel,devframe,locator,browser.fill,318.649,118,56,false
cdb-aligned-devframe-parallel,devframe,locator,browser.click,297.043,97,57,false
cdb-aligned-devframe-parallel,devframe,locator,browser.snapshot,601.170,18,461,false
cdb-aligned-devframe-parallel,devframe,locator,browser.batch,1081.488,261,610,false
cdb-aligned-devframe-parallel,devframe,locator,browser.fill,266.779,118,56,false
cdb-aligned-devframe-parallel,devframe,locator,browser.click,294.073,97,57,false
cdb-aligned-devframe-parallel,devframe,locator,browser.snapshot,609.492,18,461,false
cdb-aligned-devframe-parallel,devframe,locator,browser.batch,1175.130,261,610,false
cdb-aligned-devframe-parallel,devframe,locator,browser.fill,342.626,118,56,false
cdb-aligned-devframe-parallel,devframe,locator,browser.click,343.571,97,57,false
cdb-aligned-devframe-parallel,devframe,locator,browser.snapshot,613.587,18,461,false
cdb-aligned-devframe-parallel,devframe,locator,browser.batch,1098.826,261,610,false
cdb-aligned-devframe-parallel,devframe,locator,browser.click:blocked,2182.087,97,197,true
cdb-aligned-devframe-parallel,devframe,locator,browser.click:blocked,2001.650,97,197,true
cdb-aligned-devframe-parallel,devframe,locator,browser.click:blocked,2037.990,97,197,true
cdb-aligned-devframe-parallel,devframe,locator,browser.click:blocked,2045.566,97,197,true
cdb-aligned-devframe-parallel,devframe,locator,browser.click:blocked,2007.097,97,197,true
cdb-aligned-devframe-parallel,devframe,locator,browser.click:blocked,2130.200,97,197,true
cdb-aligned-devframe-parallel,devframe,locator,browser.click:blocked,2001.966,97,197,true
cdb-aligned-devframe-parallel,devframe,locator,browser.click:blocked,2002.780,97,197,true
cdb-aligned-devframe-parallel,devframe,locator,browser.click:blocked,2002.336,97,197,true
cdb-aligned-devframe-parallel,devframe,locator,browser.click:blocked,2002.173,97,197,true
cdb-aligned-devframe-parallel,devframe,locator,browser.click:blocked,2019.244,97,197,true
cdb-aligned-devframe-parallel,devframe,locator,browser.click:blocked,2002.413,97,197,true
cdb-aligned-devframe-parallel,devframe,locator,browser.click:blocked,2002.317,97,197,true
cdb-aligned-devframe-parallel,devframe,locator,browser.click:blocked,2037.278,97,197,true
cdb-aligned-devframe-parallel,devframe,locator,browser.click:blocked,2000.562,97,197,true
cdb-aligned-devframe-parallel,devframe,locator,browser.click:blocked,2002.319,97,197,true
cdb-aligned-devframe-parallel,devframe,locator,browser.click:blocked,2003.948,97,197,true
cdb-aligned-devframe-parallel,devframe,locator,browser.click:blocked,2003.444,97,197,true
cdb-aligned-devframe-parallel,devframe,locator,browser.click:blocked,2002.363,97,197,true
cdb-aligned-devframe-parallel,devframe,locator,browser.click:blocked,2000.596,97,197,true
cdb-aligned-devframe-parallel,devframe,locator,browser.click:blocked,2001.707,97,197,true
cdb-aligned-devframe-parallel,devframe,locator,browser.click:blocked,2004.356,97,197,true
cdb-aligned-devframe-parallel,devframe,locator,browser.click:blocked,2002.351,97,197,true
cdb-aligned-devframe-parallel,devframe,locator,browser.click:blocked,2000.900,97,197,true
cdb-aligned-devframe-parallel,devframe,locator,browser.click:blocked,2000.664,97,197,true
cdb-aligned-devframe-parallel,devframe,locator,browser.click:blocked,2001.348,97,197,true
cdb-aligned-devframe-parallel,devframe,locator,browser.click:blocked,2006.980,97,197,true
cdb-aligned-devframe-parallel,devframe,locator,browser.click:blocked,2002.055,97,197,true
cdb-aligned-devframe-parallel,devframe,locator,browser.click:blocked,2001.101,97,197,true
cdb-aligned-devframe-parallel,devframe,locator,browser.click:blocked,2000.630,97,197,true
cdb-aligned-websocket-attributed,websocket,ref,browser.fill,103.258,55,56,false
cdb-aligned-websocket-attributed,websocket,ref,browser.click,94.940,30,57,false
cdb-aligned-websocket-attributed,websocket,ref,browser.snapshot,636.357,18,456,false
cdb-aligned-websocket-attributed,websocket,ref,browser.batch,865.627,131,605,false
cdb-aligned-websocket-attributed,websocket,ref,browser.fill,102.306,55,56,false
cdb-aligned-websocket-attributed,websocket,ref,browser.click,94.840,30,57,false
cdb-aligned-websocket-attributed,websocket,ref,browser.snapshot,718.189,18,456,false
cdb-aligned-websocket-attributed,websocket,ref,browser.batch,953.304,131,605,false
cdb-aligned-websocket-attributed,websocket,ref,browser.fill,112.192,55,56,false
cdb-aligned-websocket-attributed,websocket,ref,browser.click,114.723,30,57,false
cdb-aligned-websocket-attributed,websocket,ref,browser.snapshot,1028.246,18,456,false
cdb-aligned-websocket-attributed,websocket,ref,browser.batch,1202.970,131,605,false
cdb-aligned-websocket-attributed,websocket,ref,browser.fill,98.377,55,56,false
cdb-aligned-websocket-attributed,websocket,ref,browser.click,92.004,30,57,false
cdb-aligned-websocket-attributed,websocket,ref,browser.snapshot,708.976,18,456,false
cdb-aligned-websocket-attributed,websocket,ref,browser.batch,856.520,131,605,false
cdb-aligned-websocket-attributed,websocket,ref,browser.fill,138.074,55,56,false
cdb-aligned-websocket-attributed,websocket,ref,browser.click,99.120,30,57,false
cdb-aligned-websocket-attributed,websocket,ref,browser.snapshot,634.194,18,457,false
cdb-aligned-websocket-attributed,websocket,ref,browser.batch,919.388,132,610,false
cdb-aligned-websocket-attributed,websocket,ref,browser.fill,115.756,56,56,false
cdb-aligned-websocket-attributed,websocket,ref,browser.click,91.099,31,57,false
cdb-aligned-websocket-attributed,websocket,ref,browser.snapshot,662.508,18,461,false
cdb-aligned-websocket-attributed,websocket,ref,browser.batch,826.678,133,610,false
cdb-aligned-websocket-attributed,websocket,ref,browser.fill,114.837,56,56,false
cdb-aligned-websocket-attributed,websocket,ref,browser.click,99.950,31,57,false
cdb-aligned-websocket-attributed,websocket,ref,browser.snapshot,627.123,18,461,false
cdb-aligned-websocket-attributed,websocket,ref,browser.batch,801.874,133,610,false
cdb-aligned-websocket-attributed,websocket,ref,browser.fill,103.737,56,56,false
cdb-aligned-websocket-attributed,websocket,ref,browser.click,96.900,31,57,false
cdb-aligned-websocket-attributed,websocket,ref,browser.snapshot,2427.297,18,461,false
cdb-aligned-websocket-attributed,websocket,ref,browser.batch,1237.249,133,610,false
cdb-aligned-websocket-attributed,websocket,ref,browser.fill,122.049,56,56,false
cdb-aligned-websocket-attributed,websocket,ref,browser.click,101.877,31,57,false
cdb-aligned-websocket-attributed,websocket,ref,browser.snapshot,823.780,18,461,false
cdb-aligned-websocket-attributed,websocket,ref,browser.batch,877.168,133,610,false
cdb-aligned-websocket-attributed,websocket,ref,browser.fill,112.004,56,56,false
cdb-aligned-websocket-attributed,websocket,ref,browser.click,93.773,31,57,false
cdb-aligned-websocket-attributed,websocket,ref,browser.snapshot,624.199,18,461,false
cdb-aligned-websocket-attributed,websocket,ref,browser.batch,811.891,133,610,false
cdb-aligned-websocket-attributed,websocket,ref,browser.fill,111.934,56,56,false
cdb-aligned-websocket-attributed,websocket,ref,browser.click,101.350,31,57,false
cdb-aligned-websocket-attributed,websocket,ref,browser.snapshot,654.585,18,461,false
cdb-aligned-websocket-attributed,websocket,ref,browser.batch,804.201,133,610,false
cdb-aligned-websocket-attributed,websocket,ref,browser.fill,100.958,56,56,false
cdb-aligned-websocket-attributed,websocket,ref,browser.click,94.201,31,57,false
cdb-aligned-websocket-attributed,websocket,ref,browser.snapshot,879.862,18,461,false
cdb-aligned-websocket-attributed,websocket,ref,browser.batch,827.983,133,610,false
cdb-aligned-websocket-attributed,websocket,ref,browser.fill,99.623,56,56,false
cdb-aligned-websocket-attributed,websocket,ref,browser.click,93.493,31,57,false
cdb-aligned-websocket-attributed,websocket,ref,browser.snapshot,673.934,18,461,false
cdb-aligned-websocket-attributed,websocket,ref,browser.batch,838.780,133,610,false
cdb-aligned-websocket-attributed,websocket,ref,browser.fill,105.428,56,56,false
cdb-aligned-websocket-attributed,websocket,ref,browser.click,98.773,31,57,false
cdb-aligned-websocket-attributed,websocket,ref,browser.snapshot,710.341,18,461,false
cdb-aligned-websocket-attributed,websocket,ref,browser.batch,835.751,133,610,false
cdb-aligned-websocket-attributed,websocket,ref,browser.fill,156.116,56,56,false
cdb-aligned-websocket-attributed,websocket,ref,browser.click,107.675,31,57,false
cdb-aligned-websocket-attributed,websocket,ref,browser.snapshot,650.444,18,461,false
cdb-aligned-websocket-attributed,websocket,ref,browser.batch,832.707,133,610,false
cdb-aligned-websocket-attributed,websocket,ref,browser.fill,105.839,56,56,false
cdb-aligned-websocket-attributed,websocket,ref,browser.click,95.926,31,57,false
cdb-aligned-websocket-attributed,websocket,ref,browser.snapshot,741.816,18,461,false
cdb-aligned-websocket-attributed,websocket,ref,browser.batch,1077.123,133,610,false
cdb-aligned-websocket-attributed,websocket,ref,browser.fill,151.081,56,56,false
cdb-aligned-websocket-attributed,websocket,ref,browser.click,266.554,31,57,false
cdb-aligned-websocket-attributed,websocket,ref,browser.snapshot,665.825,18,461,false
cdb-aligned-websocket-attributed,websocket,ref,browser.batch,826.429,133,610,false
cdb-aligned-websocket-attributed,websocket,ref,browser.fill,102.426,56,56,false
cdb-aligned-websocket-attributed,websocket,ref,browser.click,96.088,31,57,false
cdb-aligned-websocket-attributed,websocket,ref,browser.snapshot,622.195,18,461,false
cdb-aligned-websocket-attributed,websocket,ref,browser.batch,791.579,133,610,false
cdb-aligned-websocket-attributed,websocket,ref,browser.fill,103.570,56,56,false
cdb-aligned-websocket-attributed,websocket,ref,browser.click,97.441,31,57,false
cdb-aligned-websocket-attributed,websocket,ref,browser.snapshot,665.735,18,461,false
cdb-aligned-websocket-attributed,websocket,ref,browser.batch,786.593,133,610,false
cdb-aligned-websocket-attributed,websocket,ref,browser.fill,104.148,56,56,false
cdb-aligned-websocket-attributed,websocket,ref,browser.click,97.323,31,57,false
cdb-aligned-websocket-attributed,websocket,ref,browser.snapshot,647.717,18,461,false
cdb-aligned-websocket-attributed,websocket,ref,browser.batch,865.300,133,610,false
cdb-aligned-websocket-attributed,websocket,ref,browser.fill,105.431,56,56,false
cdb-aligned-websocket-attributed,websocket,ref,browser.click,96.118,31,57,false
cdb-aligned-websocket-attributed,websocket,ref,browser.snapshot,616.847,18,461,false
cdb-aligned-websocket-attributed,websocket,ref,browser.batch,829.604,133,610,false
cdb-aligned-websocket-attributed,websocket,ref,browser.fill,103.847,56,56,false
cdb-aligned-websocket-attributed,websocket,ref,browser.click,94.106,31,57,false
cdb-aligned-websocket-attributed,websocket,ref,browser.snapshot,603.722,18,461,false
cdb-aligned-websocket-attributed,websocket,ref,browser.batch,848.320,133,610,false
cdb-aligned-websocket-attributed,websocket,ref,browser.fill,109.601,56,56,false
cdb-aligned-websocket-attributed,websocket,ref,browser.click,118.011,31,57,false
cdb-aligned-websocket-attributed,websocket,ref,browser.snapshot,668.020,18,461,false
cdb-aligned-websocket-attributed,websocket,ref,browser.batch,875.843,133,610,false
cdb-aligned-websocket-attributed,websocket,ref,browser.fill,100.785,56,56,false
cdb-aligned-websocket-attributed,websocket,ref,browser.click,96.035,31,57,false
cdb-aligned-websocket-attributed,websocket,ref,browser.snapshot,647.468,18,461,false
cdb-aligned-websocket-attributed,websocket,ref,browser.batch,822.678,133,610,false
cdb-aligned-websocket-attributed,websocket,ref,browser.fill,109.784,56,56,false
cdb-aligned-websocket-attributed,websocket,ref,browser.click,104.624,31,57,false
cdb-aligned-websocket-attributed,websocket,ref,browser.snapshot,953.441,18,461,false
cdb-aligned-websocket-attributed,websocket,ref,browser.batch,1258.872,133,610,false
cdb-aligned-websocket-attributed,websocket,ref,browser.fill,220.714,56,56,false
cdb-aligned-websocket-attributed,websocket,ref,browser.click,130.249,31,57,false
cdb-aligned-websocket-attributed,websocket,ref,browser.snapshot,732.507,18,461,false
cdb-aligned-websocket-attributed,websocket,ref,browser.batch,857.794,133,610,false
cdb-aligned-websocket-attributed,websocket,ref,browser.fill,97.840,56,56,false
cdb-aligned-websocket-attributed,websocket,ref,browser.click,94.655,31,57,false
cdb-aligned-websocket-attributed,websocket,ref,browser.snapshot,610.141,18,461,false
cdb-aligned-websocket-attributed,websocket,ref,browser.batch,771.345,133,610,false
cdb-aligned-websocket-attributed,websocket,ref,browser.fill,100.159,56,56,false
cdb-aligned-websocket-attributed,websocket,ref,browser.click,94.854,31,57,false
cdb-aligned-websocket-attributed,websocket,ref,browser.snapshot,612.751,18,461,false
cdb-aligned-websocket-attributed,websocket,ref,browser.batch,801.646,133,610,false
cdb-aligned-websocket-attributed,websocket,ref,browser.fill,108.043,56,56,false
cdb-aligned-websocket-attributed,websocket,ref,browser.click,96.888,31,57,false
cdb-aligned-websocket-attributed,websocket,ref,browser.snapshot,619.244,18,461,false
cdb-aligned-websocket-attributed,websocket,ref,browser.batch,800.156,133,610,false
cdb-aligned-websocket-attributed,websocket,ref,browser.fill,101.590,56,56,false
cdb-aligned-websocket-attributed,websocket,ref,browser.click,93.134,31,57,false
cdb-aligned-websocket-attributed,websocket,ref,browser.snapshot,631.900,18,461,false
cdb-aligned-websocket-attributed,websocket,ref,browser.batch,810.773,133,610,false
cdb-aligned-websocket-attributed,websocket,ref,browser.click:blocked,2032.906,31,172,true
cdb-aligned-websocket-attributed,websocket,ref,browser.click:blocked,2000.576,31,172,true
cdb-aligned-websocket-attributed,websocket,ref,browser.click:blocked,2005.371,31,172,true
cdb-aligned-websocket-attributed,websocket,ref,browser.click:blocked,2046.032,31,172,true
cdb-aligned-websocket-attributed,websocket,ref,browser.click:blocked,2035.559,31,172,true
cdb-aligned-websocket-attributed,websocket,ref,browser.click:blocked,2001.917,31,172,true
cdb-aligned-websocket-attributed,websocket,ref,browser.click:blocked,2000.423,31,172,true
cdb-aligned-websocket-attributed,websocket,ref,browser.click:blocked,2002.062,31,172,true
cdb-aligned-websocket-attributed,websocket,ref,browser.click:blocked,2001.126,31,172,true
cdb-aligned-websocket-attributed,websocket,ref,browser.click:blocked,2021.679,31,172,true
cdb-aligned-websocket-attributed,websocket,ref,browser.click:blocked,2001.973,31,172,true
cdb-aligned-websocket-attributed,websocket,ref,browser.click:blocked,2000.557,31,172,true
cdb-aligned-websocket-attributed,websocket,ref,browser.click:blocked,2002.112,31,172,true
cdb-aligned-websocket-attributed,websocket,ref,browser.click:blocked,2002.362,31,172,true
cdb-aligned-websocket-attributed,websocket,ref,browser.click:blocked,2002.473,31,172,true
cdb-aligned-websocket-attributed,websocket,ref,browser.click:blocked,2001.013,31,172,true
cdb-aligned-websocket-attributed,websocket,ref,browser.click:blocked,2002.183,31,172,true
cdb-aligned-websocket-attributed,websocket,ref,browser.click:blocked,2001.452,31,172,true
cdb-aligned-websocket-attributed,websocket,ref,browser.click:blocked,2002.190,31,172,true
cdb-aligned-websocket-attributed,websocket,ref,browser.click:blocked,2003.883,31,172,true
cdb-aligned-websocket-attributed,websocket,ref,browser.click:blocked,2002.507,31,172,true
cdb-aligned-websocket-attributed,websocket,ref,browser.click:blocked,2003.331,31,172,true
cdb-aligned-websocket-attributed,websocket,ref,browser.click:blocked,2000.338,31,172,true
cdb-aligned-websocket-attributed,websocket,ref,browser.click:blocked,1999.777,31,172,true
cdb-aligned-websocket-attributed,websocket,ref,browser.click:blocked,2001.484,31,172,true
cdb-aligned-websocket-attributed,websocket,ref,browser.click:blocked,2519.523,31,172,true
cdb-aligned-websocket-attributed,websocket,ref,browser.click:blocked,2017.995,31,172,true
cdb-aligned-websocket-attributed,websocket,ref,browser.click:blocked,2002.014,31,172,true
cdb-aligned-websocket-attributed,websocket,ref,browser.click:blocked,2001.229,31,172,true
cdb-aligned-websocket-attributed,websocket,ref,browser.click:blocked,2001.118,31,172,true
cdb-aligned-websocket-attributed,websocket,locator,browser.fill,212.468,118,56,false
cdb-aligned-websocket-attributed,websocket,locator,browser.click,180.729,97,57,false
cdb-aligned-websocket-attributed,websocket,locator,browser.snapshot,635.706,18,461,false
cdb-aligned-websocket-attributed,websocket,locator,browser.batch,910.591,261,610,false
cdb-aligned-websocket-attributed,websocket,locator,browser.fill,184.127,118,56,false
cdb-aligned-websocket-attributed,websocket,locator,browser.click,185.058,97,57,false
cdb-aligned-websocket-attributed,websocket,locator,browser.snapshot,639.311,18,461,false
cdb-aligned-websocket-attributed,websocket,locator,browser.batch,1145.180,261,610,false
cdb-aligned-websocket-attributed,websocket,locator,browser.fill,167.843,118,56,false
cdb-aligned-websocket-attributed,websocket,locator,browser.click,163.053,97,57,false
cdb-aligned-websocket-attributed,websocket,locator,browser.snapshot,667.861,18,461,false
cdb-aligned-websocket-attributed,websocket,locator,browser.batch,2027.368,261,610,false
cdb-aligned-websocket-attributed,websocket,locator,browser.fill,307.883,118,56,false
cdb-aligned-websocket-attributed,websocket,locator,browser.click,293.147,97,57,false
cdb-aligned-websocket-attributed,websocket,locator,browser.snapshot,880.519,18,461,false
cdb-aligned-websocket-attributed,websocket,locator,browser.batch,1522.202,261,610,false
cdb-aligned-websocket-attributed,websocket,locator,browser.fill,353.454,118,56,false
cdb-aligned-websocket-attributed,websocket,locator,browser.click,239.123,97,57,false
cdb-aligned-websocket-attributed,websocket,locator,browser.snapshot,976.090,18,461,false
cdb-aligned-websocket-attributed,websocket,locator,browser.batch,953.504,261,610,false
cdb-aligned-websocket-attributed,websocket,locator,browser.fill,361.063,118,56,false
cdb-aligned-websocket-attributed,websocket,locator,browser.click,248.461,97,57,false
cdb-aligned-websocket-attributed,websocket,locator,browser.snapshot,761.562,18,461,false
cdb-aligned-websocket-attributed,websocket,locator,browser.batch,1207.103,261,610,false
cdb-aligned-websocket-attributed,websocket,locator,browser.fill,347.164,118,56,false
cdb-aligned-websocket-attributed,websocket,locator,browser.click,181.381,97,57,false
cdb-aligned-websocket-attributed,websocket,locator,browser.snapshot,838.934,18,461,false
cdb-aligned-websocket-attributed,websocket,locator,browser.batch,1011.430,261,610,false
cdb-aligned-websocket-attributed,websocket,locator,browser.fill,183.826,118,56,false
cdb-aligned-websocket-attributed,websocket,locator,browser.click,180.173,97,57,false
cdb-aligned-websocket-attributed,websocket,locator,browser.snapshot,643.552,18,461,false
cdb-aligned-websocket-attributed,websocket,locator,browser.batch,952.165,261,610,false
cdb-aligned-websocket-attributed,websocket,locator,browser.fill,194.353,118,56,false
cdb-aligned-websocket-attributed,websocket,locator,browser.click,165.087,97,57,false
cdb-aligned-websocket-attributed,websocket,locator,browser.snapshot,689.891,18,461,false
cdb-aligned-websocket-attributed,websocket,locator,browser.batch,995.261,261,610,false
cdb-aligned-websocket-attributed,websocket,locator,browser.fill,167.704,118,56,false
cdb-aligned-websocket-attributed,websocket,locator,browser.click,155.255,97,57,false
cdb-aligned-websocket-attributed,websocket,locator,browser.snapshot,591.904,18,461,false
cdb-aligned-websocket-attributed,websocket,locator,browser.batch,823.274,261,610,false
cdb-aligned-websocket-attributed,websocket,locator,browser.fill,170.573,118,56,false
cdb-aligned-websocket-attributed,websocket,locator,browser.click,161.509,97,57,false
cdb-aligned-websocket-attributed,websocket,locator,browser.snapshot,580.790,18,461,false
cdb-aligned-websocket-attributed,websocket,locator,browser.batch,834.140,261,610,false
cdb-aligned-websocket-attributed,websocket,locator,browser.fill,157.249,118,56,false
cdb-aligned-websocket-attributed,websocket,locator,browser.click,162.396,97,57,false
cdb-aligned-websocket-attributed,websocket,locator,browser.snapshot,623.441,18,461,false
cdb-aligned-websocket-attributed,websocket,locator,browser.batch,966.743,261,610,false
cdb-aligned-websocket-attributed,websocket,locator,browser.fill,244.014,118,56,false
cdb-aligned-websocket-attributed,websocket,locator,browser.click,245.461,97,57,false
cdb-aligned-websocket-attributed,websocket,locator,browser.snapshot,865.012,18,461,false
cdb-aligned-websocket-attributed,websocket,locator,browser.batch,1011.413,261,610,false
cdb-aligned-websocket-attributed,websocket,locator,browser.fill,154.837,118,56,false
cdb-aligned-websocket-attributed,websocket,locator,browser.click,166.189,97,57,false
cdb-aligned-websocket-attributed,websocket,locator,browser.snapshot,579.487,18,461,false
cdb-aligned-websocket-attributed,websocket,locator,browser.batch,950.288,261,610,false
cdb-aligned-websocket-attributed,websocket,locator,browser.fill,167.188,118,56,false
cdb-aligned-websocket-attributed,websocket,locator,browser.click,158.727,97,57,false
cdb-aligned-websocket-attributed,websocket,locator,browser.snapshot,652.158,18,461,false
cdb-aligned-websocket-attributed,websocket,locator,browser.batch,976.318,261,610,false
cdb-aligned-websocket-attributed,websocket,locator,browser.fill,228.838,118,56,false
cdb-aligned-websocket-attributed,websocket,locator,browser.click,174.955,97,57,false
cdb-aligned-websocket-attributed,websocket,locator,browser.snapshot,655.447,18,461,false
cdb-aligned-websocket-attributed,websocket,locator,browser.batch,985.387,261,610,false
cdb-aligned-websocket-attributed,websocket,locator,browser.fill,180.837,118,56,false
cdb-aligned-websocket-attributed,websocket,locator,browser.click,191.460,97,57,false
cdb-aligned-websocket-attributed,websocket,locator,browser.snapshot,800.734,18,461,false
cdb-aligned-websocket-attributed,websocket,locator,browser.batch,1046.955,261,610,false
cdb-aligned-websocket-attributed,websocket,locator,browser.fill,173.226,118,56,false
cdb-aligned-websocket-attributed,websocket,locator,browser.click,169.411,97,57,false
cdb-aligned-websocket-attributed,websocket,locator,browser.snapshot,796.289,18,461,false
cdb-aligned-websocket-attributed,websocket,locator,browser.batch,1000.694,261,610,false
cdb-aligned-websocket-attributed,websocket,locator,browser.fill,235.809,118,56,false
cdb-aligned-websocket-attributed,websocket,locator,browser.click,1076.385,97,57,false
cdb-aligned-websocket-attributed,websocket,locator,browser.snapshot,2238.115,18,461,false
cdb-aligned-websocket-attributed,websocket,locator,browser.batch,1145.318,261,610,false
cdb-aligned-websocket-attributed,websocket,locator,browser.fill,194.956,118,56,false
cdb-aligned-websocket-attributed,websocket,locator,browser.click,196.893,97,57,false
cdb-aligned-websocket-attributed,websocket,locator,browser.snapshot,883.455,18,461,false
cdb-aligned-websocket-attributed,websocket,locator,browser.batch,952.873,261,610,false
cdb-aligned-websocket-attributed,websocket,locator,browser.fill,167.168,118,56,false
cdb-aligned-websocket-attributed,websocket,locator,browser.click,165.311,97,57,false
cdb-aligned-websocket-attributed,websocket,locator,browser.snapshot,570.640,18,461,false
cdb-aligned-websocket-attributed,websocket,locator,browser.batch,1144.160,261,610,false
cdb-aligned-websocket-attributed,websocket,locator,browser.fill,178.802,118,56,false
cdb-aligned-websocket-attributed,websocket,locator,browser.click,163.722,97,57,false
cdb-aligned-websocket-attributed,websocket,locator,browser.snapshot,674.131,18,461,false
cdb-aligned-websocket-attributed,websocket,locator,browser.batch,971.938,261,610,false
cdb-aligned-websocket-attributed,websocket,locator,browser.fill,207.860,118,56,false
cdb-aligned-websocket-attributed,websocket,locator,browser.click,186.514,97,57,false
cdb-aligned-websocket-attributed,websocket,locator,browser.snapshot,3866.946,18,461,false
cdb-aligned-websocket-attributed,websocket,locator,browser.batch,1162.962,261,610,false
cdb-aligned-websocket-attributed,websocket,locator,browser.fill,178.180,118,56,false
cdb-aligned-websocket-attributed,websocket,locator,browser.click,158.624,97,57,false
cdb-aligned-websocket-attributed,websocket,locator,browser.snapshot,647.610,18,461,false
cdb-aligned-websocket-attributed,websocket,locator,browser.batch,1121.507,261,610,false
cdb-aligned-websocket-attributed,websocket,locator,browser.fill,189.461,118,56,false
cdb-aligned-websocket-attributed,websocket,locator,browser.click,170.357,97,57,false
cdb-aligned-websocket-attributed,websocket,locator,browser.snapshot,634.346,18,461,false
cdb-aligned-websocket-attributed,websocket,locator,browser.batch,873.718,261,610,false
cdb-aligned-websocket-attributed,websocket,locator,browser.fill,204.656,118,56,false
cdb-aligned-websocket-attributed,websocket,locator,browser.click,179.513,97,57,false
cdb-aligned-websocket-attributed,websocket,locator,browser.snapshot,766.758,18,461,false
cdb-aligned-websocket-attributed,websocket,locator,browser.batch,953.841,261,610,false
cdb-aligned-websocket-attributed,websocket,locator,browser.fill,180.443,118,56,false
cdb-aligned-websocket-attributed,websocket,locator,browser.click,179.044,97,57,false
cdb-aligned-websocket-attributed,websocket,locator,browser.snapshot,771.431,18,461,false
cdb-aligned-websocket-attributed,websocket,locator,browser.batch,998.275,261,610,false
cdb-aligned-websocket-attributed,websocket,locator,browser.fill,229.101,118,56,false
cdb-aligned-websocket-attributed,websocket,locator,browser.click,192.172,97,57,false
cdb-aligned-websocket-attributed,websocket,locator,browser.snapshot,1026.040,18,461,false
cdb-aligned-websocket-attributed,websocket,locator,browser.batch,1541.581,261,610,false
cdb-aligned-websocket-attributed,websocket,locator,browser.fill,168.885,118,56,false
cdb-aligned-websocket-attributed,websocket,locator,browser.click,157.564,97,57,false
cdb-aligned-websocket-attributed,websocket,locator,browser.snapshot,775.105,18,461,false
cdb-aligned-websocket-attributed,websocket,locator,browser.batch,889.216,261,610,false
cdb-aligned-websocket-attributed,websocket,locator,browser.fill,160.774,118,56,false
cdb-aligned-websocket-attributed,websocket,locator,browser.click,149.569,97,57,false
cdb-aligned-websocket-attributed,websocket,locator,browser.snapshot,654.205,18,461,false
cdb-aligned-websocket-attributed,websocket,locator,browser.batch,1013.100,261,610,false
cdb-aligned-websocket-attributed,websocket,locator,browser.click:blocked,2001.837,97,172,true
cdb-aligned-websocket-attributed,websocket,locator,browser.click:blocked,2001.719,97,172,true
cdb-aligned-websocket-attributed,websocket,locator,browser.click:blocked,2001.144,97,172,true
cdb-aligned-websocket-attributed,websocket,locator,browser.click:blocked,2000.463,97,172,true
cdb-aligned-websocket-attributed,websocket,locator,browser.click:blocked,2001.226,97,172,true
cdb-aligned-websocket-attributed,websocket,locator,browser.click:blocked,2001.052,97,172,true
cdb-aligned-websocket-attributed,websocket,locator,browser.click:blocked,2002.434,97,172,true
cdb-aligned-websocket-attributed,websocket,locator,browser.click:blocked,2036.551,97,172,true
cdb-aligned-websocket-attributed,websocket,locator,browser.click:blocked,2573.759,97,170,true
cdb-aligned-devframe-attributed,devframe,ref,browser.fill,110.440,55,56,false
cdb-aligned-devframe-attributed,devframe,ref,browser.click,90.657,30,57,false
cdb-aligned-devframe-attributed,devframe,ref,browser.snapshot,721.808,18,456,false
cdb-aligned-devframe-attributed,devframe,ref,browser.batch,822.184,131,605,false
cdb-aligned-devframe-attributed,devframe,ref,browser.fill,93.056,55,56,false
cdb-aligned-devframe-attributed,devframe,ref,browser.click,88.470,30,57,false
cdb-aligned-devframe-attributed,devframe,ref,browser.snapshot,739.285,18,456,false
cdb-aligned-devframe-attributed,devframe,ref,browser.batch,957.950,131,605,false
cdb-aligned-devframe-attributed,devframe,ref,browser.fill,104.982,55,56,false
cdb-aligned-devframe-attributed,devframe,ref,browser.click,92.730,30,57,false
cdb-aligned-devframe-attributed,devframe,ref,browser.snapshot,2256.093,18,456,false
cdb-aligned-devframe-attributed,devframe,ref,browser.batch,1439.097,131,605,false
cdb-aligned-devframe-attributed,devframe,ref,browser.fill,280.129,55,56,false
cdb-aligned-devframe-attributed,devframe,ref,browser.click,462.282,30,57,false
cdb-aligned-devframe-attributed,devframe,ref,browser.snapshot,1209.900,18,456,false
cdb-aligned-devframe-attributed,devframe,ref,browser.batch,1009.113,131,605,false
cdb-aligned-devframe-attributed,devframe,ref,browser.fill,178.800,55,56,false
cdb-aligned-devframe-attributed,devframe,ref,browser.click,232.504,30,57,false
cdb-aligned-devframe-attributed,devframe,ref,browser.snapshot,1004.255,18,457,false
cdb-aligned-devframe-attributed,devframe,ref,browser.batch,797.820,132,610,false
cdb-aligned-devframe-attributed,devframe,ref,browser.fill,96.974,56,56,false
cdb-aligned-devframe-attributed,devframe,ref,browser.click,95.580,31,57,false
cdb-aligned-devframe-attributed,devframe,ref,browser.snapshot,670.709,18,461,false
cdb-aligned-devframe-attributed,devframe,ref,browser.batch,760.048,133,610,false
cdb-aligned-devframe-attributed,devframe,ref,browser.fill,113.023,56,56,false
cdb-aligned-devframe-attributed,devframe,ref,browser.click,131.826,31,57,false
cdb-aligned-devframe-attributed,devframe,ref,browser.snapshot,807.619,18,461,false
cdb-aligned-devframe-attributed,devframe,ref,browser.batch,801.404,133,610,false
cdb-aligned-devframe-attributed,devframe,ref,browser.fill,103.343,56,56,false
cdb-aligned-devframe-attributed,devframe,ref,browser.click,87.824,31,57,false
cdb-aligned-devframe-attributed,devframe,ref,browser.snapshot,602.885,18,461,false
cdb-aligned-devframe-attributed,devframe,ref,browser.batch,744.745,133,610,false
cdb-aligned-devframe-attributed,devframe,ref,browser.fill,94.633,56,56,false
cdb-aligned-devframe-attributed,devframe,ref,browser.click,85.401,31,57,false
cdb-aligned-devframe-attributed,devframe,ref,browser.snapshot,616.120,18,461,false
cdb-aligned-devframe-attributed,devframe,ref,browser.batch,741.163,133,610,false
cdb-aligned-devframe-attributed,devframe,ref,browser.fill,92.208,56,56,false
cdb-aligned-devframe-attributed,devframe,ref,browser.click,85.464,31,57,false
cdb-aligned-devframe-attributed,devframe,ref,browser.snapshot,581.989,18,461,false
cdb-aligned-devframe-attributed,devframe,ref,browser.batch,757.196,133,610,false
cdb-aligned-devframe-attributed,devframe,ref,browser.fill,98.010,56,56,false
cdb-aligned-devframe-attributed,devframe,ref,browser.click,87.499,31,57,false
cdb-aligned-devframe-attributed,devframe,ref,browser.snapshot,870.831,18,461,false
cdb-aligned-devframe-attributed,devframe,ref,browser.batch,787.311,133,610,false
cdb-aligned-devframe-attributed,devframe,ref,browser.fill,104.512,56,56,false
cdb-aligned-devframe-attributed,devframe,ref,browser.click,92.850,31,57,false
cdb-aligned-devframe-attributed,devframe,ref,browser.snapshot,615.687,18,461,false
cdb-aligned-devframe-attributed,devframe,ref,browser.batch,740.645,133,610,false
cdb-aligned-devframe-attributed,devframe,ref,browser.fill,91.623,56,56,false
cdb-aligned-devframe-attributed,devframe,ref,browser.click,85.994,31,57,false
cdb-aligned-devframe-attributed,devframe,ref,browser.snapshot,598.325,18,461,false
cdb-aligned-devframe-attributed,devframe,ref,browser.batch,778.416,133,610,false
cdb-aligned-devframe-attributed,devframe,ref,browser.fill,93.969,56,56,false
cdb-aligned-devframe-attributed,devframe,ref,browser.click,89.438,31,57,false
cdb-aligned-devframe-attributed,devframe,ref,browser.snapshot,669.772,18,461,false
cdb-aligned-devframe-attributed,devframe,ref,browser.batch,801.962,133,610,false
cdb-aligned-devframe-attributed,devframe,ref,browser.fill,100.117,56,56,false
cdb-aligned-devframe-attributed,devframe,ref,browser.click,89.396,31,57,false
cdb-aligned-devframe-attributed,devframe,ref,browser.snapshot,608.082,18,461,false
cdb-aligned-devframe-attributed,devframe,ref,browser.batch,760.556,133,610,false
cdb-aligned-devframe-attributed,devframe,ref,browser.fill,94.479,56,56,false
cdb-aligned-devframe-attributed,devframe,ref,browser.click,83.616,31,57,false
cdb-aligned-devframe-attributed,devframe,ref,browser.snapshot,626.669,18,461,false
cdb-aligned-devframe-attributed,devframe,ref,browser.batch,786.056,133,610,false
cdb-aligned-devframe-attributed,devframe,ref,browser.fill,97.418,56,56,false
cdb-aligned-devframe-attributed,devframe,ref,browser.click,187.402,31,57,false
cdb-aligned-devframe-attributed,devframe,ref,browser.snapshot,1063.383,18,461,false
cdb-aligned-devframe-attributed,devframe,ref,browser.batch,983.652,133,610,false
cdb-aligned-devframe-attributed,devframe,ref,browser.fill,112.036,56,56,false
cdb-aligned-devframe-attributed,devframe,ref,browser.click,95.147,31,57,false
cdb-aligned-devframe-attributed,devframe,ref,browser.snapshot,1141.074,18,461,false
cdb-aligned-devframe-attributed,devframe,ref,browser.batch,857.076,133,610,false
cdb-aligned-devframe-attributed,devframe,ref,browser.fill,107.072,56,56,false
cdb-aligned-devframe-attributed,devframe,ref,browser.click,90.396,31,57,false
cdb-aligned-devframe-attributed,devframe,ref,browser.snapshot,673.533,18,461,false
cdb-aligned-devframe-attributed,devframe,ref,browser.batch,806.993,133,610,false
cdb-aligned-devframe-attributed,devframe,ref,browser.fill,101.375,56,56,false
cdb-aligned-devframe-attributed,devframe,ref,browser.click,90.411,31,57,false
cdb-aligned-devframe-attributed,devframe,ref,browser.snapshot,698.120,18,461,false
cdb-aligned-devframe-attributed,devframe,ref,browser.batch,795.315,133,610,false
cdb-aligned-devframe-attributed,devframe,ref,browser.fill,94.162,56,56,false
cdb-aligned-devframe-attributed,devframe,ref,browser.click,90.896,31,57,false
cdb-aligned-devframe-attributed,devframe,ref,browser.snapshot,599.906,18,461,false
cdb-aligned-devframe-attributed,devframe,ref,browser.batch,750.698,133,610,false
cdb-aligned-devframe-attributed,devframe,ref,browser.fill,902.169,56,56,false
cdb-aligned-devframe-attributed,devframe,ref,browser.click,346.727,31,57,false
cdb-aligned-devframe-attributed,devframe,ref,browser.snapshot,1639.793,18,461,false
cdb-aligned-devframe-attributed,devframe,ref,browser.batch,1337.507,133,610,false
cdb-aligned-devframe-attributed,devframe,ref,browser.fill,233.633,56,56,false
cdb-aligned-devframe-attributed,devframe,ref,browser.click,90.823,31,57,false
cdb-aligned-devframe-attributed,devframe,ref,browser.snapshot,772.451,18,461,false
cdb-aligned-devframe-attributed,devframe,ref,browser.batch,763.123,133,610,false
cdb-aligned-devframe-attributed,devframe,ref,browser.fill,98.890,56,56,false
cdb-aligned-devframe-attributed,devframe,ref,browser.click,100.829,31,57,false
cdb-aligned-devframe-attributed,devframe,ref,browser.snapshot,631.734,18,461,false
cdb-aligned-devframe-attributed,devframe,ref,browser.batch,763.105,133,610,false
cdb-aligned-devframe-attributed,devframe,ref,browser.fill,88.664,56,56,false
cdb-aligned-devframe-attributed,devframe,ref,browser.click,84.387,31,57,false
cdb-aligned-devframe-attributed,devframe,ref,browser.snapshot,652.093,18,461,false
cdb-aligned-devframe-attributed,devframe,ref,browser.batch,868.200,133,610,false
cdb-aligned-devframe-attributed,devframe,ref,browser.fill,109.213,56,56,false
cdb-aligned-devframe-attributed,devframe,ref,browser.click,100.560,31,57,false
cdb-aligned-devframe-attributed,devframe,ref,browser.snapshot,831.211,18,461,false
cdb-aligned-devframe-attributed,devframe,ref,browser.batch,912.531,133,610,false
cdb-aligned-devframe-attributed,devframe,ref,browser.fill,108.509,56,56,false
cdb-aligned-devframe-attributed,devframe,ref,browser.click,90.987,31,57,false
cdb-aligned-devframe-attributed,devframe,ref,browser.snapshot,629.139,18,461,false
cdb-aligned-devframe-attributed,devframe,ref,browser.batch,778.698,133,610,false
cdb-aligned-devframe-attributed,devframe,ref,browser.fill,94.863,56,56,false
cdb-aligned-devframe-attributed,devframe,ref,browser.click,86.156,31,57,false
cdb-aligned-devframe-attributed,devframe,ref,browser.snapshot,583.434,18,461,false
cdb-aligned-devframe-attributed,devframe,ref,browser.batch,748.927,133,610,false
cdb-aligned-devframe-attributed,devframe,ref,browser.fill,97.644,56,56,false
cdb-aligned-devframe-attributed,devframe,ref,browser.click,88.126,31,57,false
cdb-aligned-devframe-attributed,devframe,ref,browser.snapshot,662.971,18,461,false
cdb-aligned-devframe-attributed,devframe,ref,browser.batch,757.949,133,610,false
cdb-aligned-devframe-attributed,devframe,ref,browser.fill,98.878,56,56,false
cdb-aligned-devframe-attributed,devframe,ref,browser.click,85.476,31,57,false
cdb-aligned-devframe-attributed,devframe,ref,browser.snapshot,630.770,18,461,false
cdb-aligned-devframe-attributed,devframe,ref,browser.batch,847.830,133,610,false
cdb-aligned-devframe-attributed,devframe,ref,browser.click:blocked,2004.121,31,197,true
cdb-aligned-devframe-attributed,devframe,ref,browser.click:blocked,2005.765,31,197,true
cdb-aligned-devframe-attributed,devframe,ref,browser.click:blocked,2004.410,31,197,true
cdb-aligned-devframe-attributed,devframe,ref,browser.click:blocked,2001.359,31,197,true
cdb-aligned-devframe-attributed,devframe,ref,browser.click:blocked,2003.766,31,197,true
cdb-aligned-devframe-attributed,devframe,ref,browser.click:blocked,2003.704,31,197,true
cdb-aligned-devframe-attributed,devframe,ref,browser.click:blocked,2016.182,31,197,true
cdb-aligned-devframe-attributed,devframe,ref,browser.click:blocked,2041.797,31,197,true
cdb-aligned-devframe-attributed,devframe,ref,browser.click:blocked,2038.724,31,197,true
cdb-aligned-devframe-attributed,devframe,ref,browser.click:blocked,2003.229,31,197,true
cdb-aligned-devframe-attributed,devframe,ref,browser.click:blocked,2004.247,31,197,true
cdb-aligned-devframe-attributed,devframe,ref,browser.click:blocked,2002.555,31,197,true
cdb-aligned-devframe-attributed,devframe,ref,browser.click:blocked,2003.154,31,197,true
cdb-aligned-devframe-attributed,devframe,ref,browser.click:blocked,2002.456,31,197,true
cdb-aligned-devframe-attributed,devframe,ref,browser.click:blocked,2003.901,31,197,true
cdb-aligned-devframe-attributed,devframe,ref,browser.click:blocked,2004.741,31,197,true
cdb-aligned-devframe-attributed,devframe,ref,browser.click:blocked,2002.583,31,197,true
cdb-aligned-devframe-attributed,devframe,ref,browser.click:blocked,2003.995,31,197,true
cdb-aligned-devframe-attributed,devframe,ref,browser.click:blocked,2003.132,31,197,true
cdb-aligned-devframe-attributed,devframe,ref,browser.click:blocked,2003.159,31,197,true
cdb-aligned-devframe-attributed,devframe,ref,browser.click:blocked,2002.592,31,197,true
cdb-aligned-devframe-attributed,devframe,ref,browser.click:blocked,2004.591,31,197,true
cdb-aligned-devframe-attributed,devframe,ref,browser.click:blocked,2001.895,31,197,true
cdb-aligned-devframe-attributed,devframe,ref,browser.click:blocked,2003.955,31,197,true
cdb-aligned-devframe-attributed,devframe,ref,browser.click:blocked,2002.784,31,197,true
cdb-aligned-devframe-attributed,devframe,ref,browser.click:blocked,2003.850,31,197,true
cdb-aligned-devframe-attributed,devframe,ref,browser.click:blocked,2000.425,31,197,true
cdb-aligned-devframe-attributed,devframe,ref,browser.click:blocked,2008.724,31,197,true
cdb-aligned-devframe-attributed,devframe,ref,browser.click:blocked,2002.980,31,197,true
cdb-aligned-devframe-attributed,devframe,ref,browser.click:blocked,2001.551,31,197,true
cdb-aligned-devframe-attributed,devframe,locator,browser.fill,303.877,118,56,false
cdb-aligned-devframe-attributed,devframe,locator,browser.click,368.204,97,57,false
cdb-aligned-devframe-attributed,devframe,locator,browser.snapshot,629.837,18,461,false
cdb-aligned-devframe-attributed,devframe,locator,browser.batch,1239.024,261,610,false
cdb-aligned-devframe-attributed,devframe,locator,browser.fill,356.901,118,56,false
cdb-aligned-devframe-attributed,devframe,locator,browser.click,311.688,97,57,false
cdb-aligned-devframe-attributed,devframe,locator,browser.snapshot,756.532,18,461,false
cdb-aligned-devframe-attributed,devframe,locator,browser.batch,1060.857,261,610,false
cdb-aligned-devframe-attributed,devframe,locator,browser.fill,243.242,118,56,false
cdb-aligned-devframe-attributed,devframe,locator,browser.click,294.455,97,57,false
cdb-aligned-devframe-attributed,devframe,locator,browser.snapshot,665.342,18,461,false
cdb-aligned-devframe-attributed,devframe,locator,browser.batch,1177.068,261,610,false
cdb-aligned-devframe-attributed,devframe,locator,browser.fill,360.744,118,56,false
cdb-aligned-devframe-attributed,devframe,locator,browser.click,285.470,97,57,false
cdb-aligned-devframe-attributed,devframe,locator,browser.snapshot,717.336,18,461,false
cdb-aligned-devframe-attributed,devframe,locator,browser.batch,1195.321,261,610,false
cdb-aligned-devframe-attributed,devframe,locator,browser.fill,293.167,118,56,false
cdb-aligned-devframe-attributed,devframe,locator,browser.click,317.048,97,57,false
cdb-aligned-devframe-attributed,devframe,locator,browser.snapshot,593.219,18,461,false
cdb-aligned-devframe-attributed,devframe,locator,browser.batch,2643.726,261,610,false
cdb-aligned-devframe-attributed,devframe,locator,browser.fill,429.455,118,56,false
cdb-aligned-devframe-attributed,devframe,locator,browser.click,295.728,97,57,false
cdb-aligned-devframe-attributed,devframe,locator,browser.snapshot,1635.764,18,461,false
cdb-aligned-devframe-attributed,devframe,locator,browser.batch,1458.671,261,610,false
cdb-aligned-devframe-attributed,devframe,locator,browser.fill,387.471,118,56,false
cdb-aligned-devframe-attributed,devframe,locator,browser.click,323.123,97,57,false
cdb-aligned-devframe-attributed,devframe,locator,browser.snapshot,666.384,18,461,false
cdb-aligned-devframe-attributed,devframe,locator,browser.batch,1064.660,261,610,false
cdb-aligned-devframe-attributed,devframe,locator,browser.fill,270.303,118,56,false
cdb-aligned-devframe-attributed,devframe,locator,browser.click,275.276,97,57,false
cdb-aligned-devframe-attributed,devframe,locator,browser.snapshot,680.216,18,461,false
cdb-aligned-devframe-attributed,devframe,locator,browser.batch,1473.879,261,610,false
cdb-aligned-devframe-attributed,devframe,locator,browser.fill,365.888,118,56,false
cdb-aligned-devframe-attributed,devframe,locator,browser.click,319.909,97,57,false
cdb-aligned-devframe-attributed,devframe,locator,browser.snapshot,632.264,18,461,false
cdb-aligned-devframe-attributed,devframe,locator,browser.batch,1119.088,261,610,false
cdb-aligned-devframe-attributed,devframe,locator,browser.fill,383.702,118,56,false
cdb-aligned-devframe-attributed,devframe,locator,browser.click,356.810,97,57,false
cdb-aligned-devframe-attributed,devframe,locator,browser.snapshot,666.709,18,461,false
cdb-aligned-devframe-attributed,devframe,locator,browser.batch,1158.986,261,610,false
cdb-aligned-devframe-attributed,devframe,locator,browser.fill,257.458,118,56,false
cdb-aligned-devframe-attributed,devframe,locator,browser.click,359.001,97,57,false
cdb-aligned-devframe-attributed,devframe,locator,browser.snapshot,623.196,18,461,false
cdb-aligned-devframe-attributed,devframe,locator,browser.batch,1388.237,261,610,false
cdb-aligned-devframe-attributed,devframe,locator,browser.fill,359.351,118,56,false
cdb-aligned-devframe-attributed,devframe,locator,browser.click,354.814,97,57,false
cdb-aligned-devframe-attributed,devframe,locator,browser.snapshot,737.102,18,461,false
cdb-aligned-devframe-attributed,devframe,locator,browser.batch,1128.534,261,610,false
cdb-aligned-devframe-attributed,devframe,locator,browser.fill,287.749,118,56,false
cdb-aligned-devframe-attributed,devframe,locator,browser.click,345.686,97,57,false
cdb-aligned-devframe-attributed,devframe,locator,browser.snapshot,672.203,18,461,false
cdb-aligned-devframe-attributed,devframe,locator,browser.batch,1172.923,261,610,false
cdb-aligned-devframe-attributed,devframe,locator,browser.fill,254.040,118,56,false
cdb-aligned-devframe-attributed,devframe,locator,browser.click,347.707,97,57,false
cdb-aligned-devframe-attributed,devframe,locator,browser.snapshot,1248.886,18,461,false
cdb-aligned-devframe-attributed,devframe,locator,browser.batch,1467.135,261,610,false
cdb-aligned-devframe-attributed,devframe,locator,browser.fill,315.415,118,56,false
cdb-aligned-devframe-attributed,devframe,locator,browser.click,294.564,97,57,false
cdb-aligned-devframe-attributed,devframe,locator,browser.snapshot,654.075,18,461,false
cdb-aligned-devframe-attributed,devframe,locator,browser.batch,1156.689,261,610,false
cdb-aligned-devframe-attributed,devframe,locator,browser.fill,258.816,118,56,false
cdb-aligned-devframe-attributed,devframe,locator,browser.click,265.421,97,57,false
cdb-aligned-devframe-attributed,devframe,locator,browser.snapshot,803.581,18,461,false
cdb-aligned-devframe-attributed,devframe,locator,browser.batch,1122.498,261,610,false
cdb-aligned-devframe-attributed,devframe,locator,browser.fill,267.739,118,56,false
cdb-aligned-devframe-attributed,devframe,locator,browser.click,270.004,97,57,false
cdb-aligned-devframe-attributed,devframe,locator,browser.snapshot,714.137,18,461,false
cdb-aligned-devframe-attributed,devframe,locator,browser.batch,1143.344,261,610,false
cdb-aligned-devframe-attributed,devframe,locator,browser.fill,289.001,118,56,false
cdb-aligned-devframe-attributed,devframe,locator,browser.click,322.555,97,57,false
cdb-aligned-devframe-attributed,devframe,locator,browser.snapshot,586.084,18,461,false
cdb-aligned-devframe-attributed,devframe,locator,browser.batch,1291.474,261,610,false
cdb-aligned-devframe-attributed,devframe,locator,browser.fill,312.110,118,56,false
cdb-aligned-devframe-attributed,devframe,locator,browser.click,320.035,97,57,false
cdb-aligned-devframe-attributed,devframe,locator,browser.snapshot,704.532,18,461,false
cdb-aligned-devframe-attributed,devframe,locator,browser.batch,1108.865,261,610,false
cdb-aligned-devframe-attributed,devframe,locator,browser.fill,290.103,118,56,false
cdb-aligned-devframe-attributed,devframe,locator,browser.click,268.501,97,57,false
cdb-aligned-devframe-attributed,devframe,locator,browser.snapshot,615.002,18,461,false
cdb-aligned-devframe-attributed,devframe,locator,browser.batch,1198.607,261,610,false
cdb-aligned-devframe-attributed,devframe,locator,browser.fill,402.995,118,56,false
cdb-aligned-devframe-attributed,devframe,locator,browser.click,472.892,97,57,false
cdb-aligned-devframe-attributed,devframe,locator,browser.snapshot,804.879,18,461,false
cdb-aligned-devframe-attributed,devframe,locator,browser.batch,1276.565,261,610,false
cdb-aligned-devframe-attributed,devframe,locator,browser.fill,348.945,118,56,false
cdb-aligned-devframe-attributed,devframe,locator,browser.click,361.841,97,57,false
cdb-aligned-devframe-attributed,devframe,locator,browser.snapshot,676.687,18,461,false
cdb-aligned-devframe-attributed,devframe,locator,browser.batch,1130.966,261,610,false
cdb-aligned-devframe-attributed,devframe,locator,browser.fill,394.405,118,56,false
cdb-aligned-devframe-attributed,devframe,locator,browser.click,268.268,97,57,false
cdb-aligned-devframe-attributed,devframe,locator,browser.snapshot,623.011,18,461,false
cdb-aligned-devframe-attributed,devframe,locator,browser.batch,1095.799,261,610,false
cdb-aligned-devframe-attributed,devframe,locator,browser.fill,359.405,118,56,false
cdb-aligned-devframe-attributed,devframe,locator,browser.click,346.578,97,57,false
cdb-aligned-devframe-attributed,devframe,locator,browser.snapshot,614.547,18,461,false
cdb-aligned-devframe-attributed,devframe,locator,browser.batch,1160.295,261,610,false
cdb-aligned-devframe-attributed,devframe,locator,browser.fill,360.734,118,56,false
cdb-aligned-devframe-attributed,devframe,locator,browser.click,263.217,97,57,false
cdb-aligned-devframe-attributed,devframe,locator,browser.snapshot,623.370,18,461,false
cdb-aligned-devframe-attributed,devframe,locator,browser.batch,1128.175,261,610,false
cdb-aligned-devframe-attributed,devframe,locator,browser.fill,505.619,118,56,false
cdb-aligned-devframe-attributed,devframe,locator,browser.click,818.185,97,57,false
cdb-aligned-devframe-attributed,devframe,locator,browser.snapshot,2276.488,18,461,false
cdb-aligned-devframe-attributed,devframe,locator,browser.batch,4551.811,261,610,false
cdb-aligned-devframe-attributed,devframe,locator,browser.fill,370.456,118,56,false
cdb-aligned-devframe-attributed,devframe,locator,browser.click,348.321,97,57,false
cdb-aligned-devframe-attributed,devframe,locator,browser.snapshot,660.404,18,461,false
cdb-aligned-devframe-attributed,devframe,locator,browser.batch,1236.730,261,610,false
cdb-aligned-devframe-attributed,devframe,locator,browser.fill,368.570,118,56,false
cdb-aligned-devframe-attributed,devframe,locator,browser.click,369.121,97,57,false
cdb-aligned-devframe-attributed,devframe,locator,browser.snapshot,615.118,18,461,false
cdb-aligned-devframe-attributed,devframe,locator,browser.batch,1245.401,261,610,false
cdb-aligned-devframe-attributed,devframe,locator,browser.fill,272.896,118,56,false
cdb-aligned-devframe-attributed,devframe,locator,browser.click,275.137,97,57,false
cdb-aligned-devframe-attributed,devframe,locator,browser.snapshot,934.405,18,461,false
cdb-aligned-devframe-attributed,devframe,locator,browser.batch,1233.582,261,610,false
cdb-aligned-devframe-attributed,devframe,locator,browser.fill,307.179,118,56,false
cdb-aligned-devframe-attributed,devframe,locator,browser.click,319.777,97,57,false
cdb-aligned-devframe-attributed,devframe,locator,browser.snapshot,578.714,18,461,false
cdb-aligned-devframe-attributed,devframe,locator,browser.batch,1263.108,261,610,false
cdb-aligned-devframe-attributed,devframe,locator,browser.click:blocked,2000.826,97,197,true
cdb-aligned-devframe-attributed,devframe,locator,browser.click:blocked,2497.063,97,197,true
cdb-aligned-devframe-attributed,devframe,locator,browser.click:blocked,2524.500,97,197,true
cdb-aligned-devframe-attributed,devframe,locator,browser.click:blocked,2178.690,97,197,true
cdb-aligned-devframe-attributed,devframe,locator,browser.click:blocked,2008.372,97,197,true
cdb-aligned-devframe-attributed,devframe,locator,browser.click:blocked,2101.277,97,197,true
cdb-aligned-devframe-attributed,devframe,locator,browser.click:blocked,2000.696,97,197,true
cdb-aligned-devframe-attributed,devframe,locator,browser.click:blocked,3346.516,97,197,true
cdb-aligned-devframe-attributed,devframe,locator,browser.click:blocked,2068.698,97,197,true
cdb-aligned-devframe-attributed,devframe,locator,browser.click:blocked,2005.411,97,197,true
cdb-aligned-devframe-attributed,devframe,locator,browser.click:blocked,2063.155,97,197,true
cdb-aligned-devframe-attributed,devframe,locator,browser.click:blocked,2001.028,97,197,true
cdb-aligned-devframe-attributed,devframe,locator,browser.click:blocked,2005.101,97,197,true
cdb-aligned-devframe-attributed,devframe,locator,browser.click:blocked,2011.003,97,197,true
cdb-aligned-devframe-attributed,devframe,locator,browser.click:blocked,2016.366,97,197,true
cdb-aligned-devframe-attributed,devframe,locator,browser.click:blocked,2007.517,97,197,true
cdb-aligned-devframe-attributed,devframe,locator,browser.click:blocked,2125.550,97,197,true
cdb-aligned-devframe-attributed,devframe,locator,browser.click:blocked,2001.821,97,197,true
cdb-aligned-devframe-attributed,devframe,locator,browser.click:blocked,2001.916,97,197,true
cdb-aligned-devframe-attributed,devframe,locator,browser.click:blocked,2025.673,97,197,true
cdb-aligned-devframe-attributed,devframe,locator,browser.click:blocked,2002.753,97,197,true
cdb-aligned-devframe-attributed,devframe,locator,browser.click:blocked,2001.677,97,197,true
cdb-aligned-devframe-attributed,devframe,locator,browser.click:blocked,2002.447,97,197,true
cdb-aligned-devframe-attributed,devframe,locator,browser.click:blocked,2002.644,97,197,true
cdb-aligned-devframe-attributed,devframe,locator,browser.click:blocked,2057.001,97,197,true
cdb-aligned-devframe-attributed,devframe,locator,browser.click:blocked,2010.517,97,197,true
cdb-aligned-devframe-attributed,devframe,locator,browser.click:blocked,2004.027,97,197,true
cdb-aligned-devframe-attributed,devframe,locator,browser.click:blocked,2101.537,97,197,true
cdb-aligned-devframe-attributed,devframe,locator,browser.click:blocked,2032.145,97,197,true
cdb-aligned-devframe-attributed,devframe,locator,browser.click:blocked,2014.032,97,197,true
